1,Josef Alvarez,Tilda Hebert,Chauncey Rollins
2,Camellia Brock,Kazuko Hartman,Jonathon Thornton
3,Wally Carrillo,Johnnie Ford,Andre Nicholson
4,Lili Curtis,Benito Case,Charlott Leon
5,Erik Rhodes,Jerrell Kelley,Jacinto Mathews
6,Dani Mcclain,Herman Knowles,Nikia Ward
7,Tula Briggs,Willie Knapp,Sherell Irwin
8,Demetrius Tate,Wendie Austin,Demetrius Blanchard
9,Justa Chandler,Elli Ward,Lauren Stewart
10,Shaunta Kelley,Deetta Joyner,Marcos Beard
11,Leeanna Jacobson,Brandon Mason,Lashell Ware
12,Eugene Harvey,Bari Fletcher,Chauncey Patel
13,Warner Mcgowan,Laurinda Sutton,Travis Horton
14,Joana Mays,Tama Pacheco,Toby Fox
15,Milton Koch,Ariane Nielsen,Walker Quinn
16,Frankie Ray,Cythia Houston,Noel Shelton
17,Melania Olson,Kina Rios,Carylon Thornton
18,Refugio Beck,Providencia Hopkins,Marc Puckett
19,Ernesto Mullins,Dominick Mcconnell,Lasandra Mcintyre
20,Richie Stephenson,Clemente French,Charise Moody
21,Alla Lewis,Chae Stewart,Jae Lawson
22,Erich Morgan,Man Valentine,Milan Vaughan
23,Reginia Callahan,Minh Schneider,Dino Jordan
24,Tatum Fuller,Mose Maddox,Lien Greer
25,Vaughn Prince,Raye Kane,Taylor Wagner
26,Cecil Guthrie,Shelton Rojas,Shella Moore
27,Lavonna Chase,Perry Newton,Cleo Black
28,Charita Collier,Edison Barron,Ela Mccall
29,Carmen Deleon,Reena Stout,Le Cooper
30,Thu Lynch,Jasper Wynn,Bradley Richmond
31,Celena Nicholson,Carmelo Osborne,Elly Mckinney
32,Annett Fitzpatrick,Rosena Fox,Owen Frye
33,Maple Burt,Tomoko Gilliam,Nga Jacobs
34,Cyril Albert,Courtney Craig,Kent Lynn
35,Robert Morris,Danille Hernandez,Lashaunda Rivas
36,Barbar Villarreal,Jimmie Carroll,Mikel Morrison
37,Colin Sosa,Pierre Kaufman,Javier Dixon
38,Clemencia Ratliff,Cliff Steele,Cedrick Mclean
39,Mervin Hurst,Rachal Sparks,Moses Mcgee
40,Ernie Gaines,Rochell Figueroa,Hildegarde Douglas
41,Royce Love,Ellena Dale,Moshe Blake
42,Louis Osborn,Tory Roth,Cherryl O'neill
43,Sid Larsen,Genevive Grant,Beatris Russo
44,Jeffry Mosley,Isidro Murray,Elfrieda Joyner
45,Sonny Richardson,Tyson Leonard,Irwin Cannon
46,Margurite Leblanc,Velvet Chavez,Enoch Holder
47,Renetta Brown,Thanh Miranda,Kourtney Martinez
48,Geoffrey Burke,Luvenia Mccray,Arden Alexander
49,Arianne Berg,Alejandro Santos,Francie Battle
50,Vincenza Torres,Marleen Hubbard,Ike Barnett
51,Shanae Huffman,Lucien Holloway,Detra James
52,Alverta Caldwell,Aleshia Hansen,Belia Wilkins
53,Nakisha Stafford,Nieves Dale,Shavon Morin
54,Karl Avila,Glinda Tanner,Shannon Sweet
55,Daniel Figueroa,Roselee Gomez,Whitney Vang
56,Malka Haley,Margareta Kaufman,Jaimee Strong
57,Elane Melton,Halley Hodges,Antione Combs
58,Sherise Finley,Devorah Wood,Francesco Monroe
59,Mercedez Giles,Jerrica Holmes,Jadwiga Tanner
60,Numbers Scott,My Greene,Ernesto Solis
61,Dani Justice,Carlos House,Marquis Maldonado
62,Charlyn Pruitt,Margareta Townsend,Lashaunda Hayden
63,Kory Frank,Cordell Mayer,Norberto Knowles
64,Krystin Rosario,Izetta Duran,Pok Bonner
65,Shawnee Ramirez,Zana Taylor,Gertrud Gibbs
66,Dwight Ortiz,Jackelyn Peck,Stevie Horton
67,Milagro Banks,Libbie Boyle,Antonio Coleman
68,Ollie Becker,Euna Ashley,Perry Hunter
69,Emery Vincent,Sunni Macdonald,Jerlene Landry
70,Marquis Dawson,Garth Schmidt,Giuseppe Cash
71,Sharda Odom,Kevin Gill,Carter Moss
72,Haywood Tran,Shanae Huffman,Wilford Dominguez
73,Roy Mcgee,Stan Holmes,Malvina Valenzuela
74,Dave Melton,Mandie Crosby,Bryce Herrera
75,Arnita Justice,Susann Irwin,Elmo Patterson
76,Pablo Livingston,Christoper Snider,Berneice Montoya
77,Franklyn Buchanan,Angelo Foreman,Scott Diaz
78,Johna Joseph,Duane Lindsay,Leanora Guy
79,Sammy Stout,Cherryl Kirk,Ruben Fox
80,Hans Taylor,Jenell Stafford,Carol Pate
81,Jolie Raymond,Walton Rollins,Benton Lindsay
82,Marcus Estrada,Vicente Hutchinson,Arnoldo Byrd
83,Fredericka Espinoza,Russel Johnston,Howard Miller
84,Michal Ewing,Dia Burnett,Yan Waller
85,Santo Valentine,Lovetta Jennings,Lashon Humphrey
86,Temeka Norris,Jamaal Gillespie,Emerson Salas
87,Emelda Kidd,Wilbur Mcfadden,Deandra Price
88,Karole Carr,Angelo Vaughan,Adalberto Valentine
89,Spencer Winters,Bree Lane,Rosenda Burch
90,Alisia Wong,Jaye Williams,Jenae Wheeler
91,Danny Flores,Vennie Brady,Erick Ashley
92,Antone Nieves,Micheal Lynn,Asa Flores
93,Grant Montgomery,Luke Hartman,Leena Skinner
94,Nicolle Knowles,Chad Burke,Kieth Garner
95,Felicidad Barber,Letty Carlson,Philip Rowland
96,Hans Wilkins,Charlyn Harrington,Ryan Alston
97,Sharee Sullivan,Towanda Hale,Gus Daniel
98,Rupert Nguyen,Takisha Brewer,Tama Hardy
99,Raylene Calderon,Kurtis Rich,Karl Calderon
100,Chad Maynard,Shirley Reeves,Trinh Head
101,Elene Mcconnell,Luvenia Osborn,Vince Hunt
102,Marline Carroll,Lien O'neil,Fredric Heath
103,Teddy Lane,Seema Merrill,Rosette Vincent
104,Odis Jacobs,Dennis Joseph,Antony Mercer
105,Justin Gilbert,Cody Mcdowell,Ramiro Compton
106,Ha Pate,Nu Meyers,Patrick Buckley
107,Bob Beasley,Jimmie Talley,Chas Crosby
108,Heath Mooney,Theodore Walter,Dacia Chaney
109,Dalila Zimmerman,Angila Moore,Elias Santos
110,Quentin Benton,Kortney Ingram,Gracia Hall
111,Brad Ellis,Julian Wells,Jeromy Sharp
112,Leana Craft,Boyd Shepard,Willie Brown
113,Lou Sullivan,Alvin Barrera,Roderick Vance
114,Carmina Whitfield,Ressie Hopkins,Walter Hensley
115,Sina Norton,Jack Mccormick,Garnett Mcleod
116,Vannesa Figueroa,Jim Walls,Cleotilde Mcmillan
117,Raymond Case,Jesenia Buchanan,Ed Owens
118,Marline Dillon,Mireille Good,Genesis Pennington
119,Fernando Stevens,Jame Crawford,Ruben Jensen
120,Alexander Maddox,Kathaleen Hines,Gennie Randall
121,Adan Dillon,Alise Winters,Hans Atkinson
122,Stefany Branch,Ellamae Cain,Concha William
123,Erlene Johnson,Fausto Newton,Kelle Moreno
124,Emil Greene,Zandra Kelley,Dallas Willis
125,Tyson Mcdaniel,Janene Barr,Alphonse Lindsey
126,Doloris Cox,Cecille Knowles,Charita O'donnell
127,Luci Mack,Trenton Cox,Pa Aguilar
128,Jody Clarke,Ignacio Franco,Luciano Hutchinson
129,Loris Kramer,Davis Mcconnell,Cordie Shepard
130,Shaun Ware,Olen Frost,Edgardo Olson
131,Melodi Vang,Millard Berger,Dotty Mckay
132,Sari Roberts,Alexis Mcgee,Darcey Bryan
133,Everette Potts,Kenton Blackburn,Reggie Rasmussen
134,Johnny Lamb,Kum Myers,Randy Cruz
135,Jeanelle Olson,Miki Pratt,Jimmy Hurley
136,Markita Haley,Mickie Mcgee,Lucilla Nicholson
137,Doug Palmer,Elease Rodgers,Vanetta Alston
138,Tristan Carver,Genia Noble,Robbyn Taylor
139,Ernesto Gaines,Wilbur Wright,Terry Rivas
140,Laurine Lowery,Renda Gilbert,Oda Molina
141,Randal Summers,Roger Mcclain,Sherlyn Jacobson
142,Edison Robbins,Inger Delacruz,Bobbie Burch
143,Kasi Callahan,Willian Gilmore,Foster Puckett
144,Freddie Carter,Shanae Knight,Ramiro Bush
145,Joella O'neil,Paris Stokes,Ria Atkins
146,Ulysses Kirk,Elinore Steele,Tanja Aguirre
147,Malvina Odom,Lory Henson,Zachery Workman
148,Josh Ochoa,Claude Mooney,Mikki Owen
149,Jefferey Taylor,Hassie Hunt,Laverna Douglas
150,Maye Briggs,Mose Adams,Curt Duke
151,Mel Reed,Terrell Ball,Lyman Perry
152,Robin Solis,Justin Michael,Trenton Mills
153,Silas Stevenson,Paris Chambers,Josef Hayden
154,Deshawn Petersen,Cole Gates,Ardell Morrison
155,Kathe Nieves,Usha Hansen,Elliot Rutledge
156,Merrilee Russo,Eddy Monroe,Floria Chen
157,Rosamaria Barr,Teresia Beasley,Gonzalo Abbott
158,Noah Vaughn,Cordell Wade,Gita Lynch
159,Vincent Mullins,Leonarda Sanders,Joye Booker
160,Hong Garrison,Mike Duffy,Enoch Shepard
161,Willena Guthrie,Agripina Trevino,Arnold Pace
162,Taisha Donaldson,Jaimee Atkins,Norman Wilkinson
163,Rosia Mays,Arianne Cardenas,Winter Austin
164,Sueann Mccall,Ja Leon,Trent Larson
165,Blondell Molina,Carmen Terry,Burt Garrison
166,Frances Collins,Janett Lloyd,Carroll Mccall
167,Donnette Mcknight,Gala Ingram,Alva Grant
168,Cyrstal Buck,Paul Montgomery,Ashley Livingston
169,Aide Wagner,Dannie Schroeder,Letty Dejesus
170,Logan Doyle,Abel Wade,Darcel Prince
171,Sindy Jackson,Hai Barrett,Ivory Ewing
172,Daron Frost,Rusty Mcdaniel,Sherril Wolfe
173,Francoise Haley,Maybell Byers,Benton Travis
174,Jack Olsen,Saul Stein,Fred Holden
175,Yolando Randall,Rey Atkinson,Silvana Hooper
176,Jarod Warner,Andrew Colon,Vinnie Vasquez
177,Shaunte Strong,Marcellus Klein,Kennith Boyer
178,Ignacia Simon,Ezequiel Hammond,Fredericka Shaw
179,Jaye Buckley,Perry Pacheco,Bryce Medina
180,Amado Bush,Celestina Valencia,Lenna Olson
181,Henry Hammond,Moon Mcfadden,Delta Stokes
182,Tracy Burnett,Keila Parker,Chadwick Bass
183,Freddy Pace,George Salas,Krishna Kramer
184,Kasandra Merrill,Miesha Mckenzie,Versie Howell
185,Xavier Banks,Rhona Browning,Tommy Greer
186,Dorian Hester,Britni Valenzuela,Siu Wilcox
187,Jodee O'brien,Fairy Clarke,Armandina Austin
188,Luna Knight,Preston Keith,Malorie Long
189,Erin Andrews,Stephania Stevenson,Jerrell Cook
190,Whitney Walsh,Graig Albert,Eladia Jarvis
191,Marcus Whitney,Fatimah Stuart,Kristofer Knowles
192,Mac French,Arnold Park,Shenna Heath
193,Mikel Bates,Gaston Casey,Eura Conley
194,Arnold Norman,Elfreda Barton,Elois Mcleod
195,Dan Ramirez,Maddie Gallagher,Monserrate Bradford
196,Shaneka Bryan,Art Morin,Shaneka Macias
197,Tran Moon,Steve Sanchez,Del Rich
198,Candra Franklin,Danille Pruitt,Elizabeth Gill
199,Danyell Mcdaniel,Miesha Nielsen,Wilford Hendrix
200,Sang Grant,Harley Walsh,Porsche Campos
201,Mervin Gilbert,Matthew Hodge,Danille Callahan
202,Joette Mccullough,Gus Mayo,Floretta Barber
203,Adam Sargent,Maximo O'donnell,Tomoko Mckay
204,Joan Peters,Valentin Anderson,Daphine Melton
205,Hilton Mccoy,Jeremy Holden,Cordia Welch
206,Clemmie Jennings,Chuck Downs,Wilhemina Harding
207,Perry Valenzuela,Wilburn Powers,Ming Bond
208,Raeann Mercado,Olen Bowman,Darryl Jefferson
209,Bok French,Joshua Baxter,Toshia Rocha
210,Thad Cox,Florinda Ware,Candyce Crane
211,Cole Pennington,Deane Johnson,Charlie Church
212,Domingo Ashley,Lavonia Becker,Yuko Tran
213,Kenton Olsen,Ira Snow,Loyce Salas
214,George Pena,Jayna Barron,Muoi Hooper
215,Stewart Manning,Kendal Garza,Eric Shaw
216,Hassan Noel,Rolando Riggs,Grayce Dunn
217,Nery Wood,Tom Cummings,Mathew Finch
218,Isiah Robles,Arnulfo Dudley,Leonarda Larson
219,August Blackwell,Taneka Byers,Tomi Vega
220,Shawnta Richards,Felipe Morales,Sharyl Griffin
221,Corazon Barrera,Delisa Maynard,Janene Marsh
222,Santana Mcfadden,Shelby O'neil,Dorotha Knowles
223,Sherwood Gay,Hung Owen,Raelene Knox
224,Marica Frederick,Stevie Nguyen,Colin Bauer
225,Emilio Mccray,Laurena Rosa,Josef Hatfield
226,Soila Michael,Robena Morrison,Corliss Boyer
227,Enoch Talley,Vaughn Fischer,Phung Silva
228,Roland Crawford,Miss Hyde,Stanton Atkins
229,Renna Wagner,Wilmer Mcmillan,Kenneth Hicks
230,Teisha Nieves,Avery O'neill,Yuette Delgado
231,Dayle Wheeler,Arianna Lane,Damon Cook
232,Quincy Paul,Hassan Jennings,Von Alvarado
233,Clarence Velasquez,Adena Wynn,Dean Clay
234,Exie Williamson,Antonio Schneider,Bennett Santiago
235,Melvin Langley,Buster Berg,Francis Murray
236,Rodrigo Meyer,Reyes Gray,Alton Dale
237,Kandis Gentry,Jesusa Flynn,Jude Mcguire
238,Brett Calhoun,Edwin Beard,Erick Peterson
239,Keiko Tran,Jessenia Waters,Beatris Burnett
240,Deloras Garrett,Angele Downs,Aron Leon
241,Walter Wright,Mercedez Lucas,Nam Bowers
242,Gilma Becker,Deon Mckay,Brandon Norris
243,Barrie Fields,Carmelo Kane,Hoyt Daugherty
244,Pamula Bradley,Rubin Flores,Elli Merrill
245,Modesto Warner,Valene Chambers,Drusilla Bowman
246,Norbert Gamble,Antone Freeman,Grady Acosta
247,Ching Joseph,Svetlana Frazier,Karole Sanford
248,Antoine Sellers,Dillon Colon,Jonathon Copeland
249,Jacquiline Hooper,Sammie Ortiz,Cleotilde Lott
250,Alex Whitaker,Shavon Lynn,Ludivina Norman
251,Neville Mays,Annita Hardy,Houston Morin
252,Debbi Hudson,Claud Sellers,Denny Manning
253,Elza Welch,Iluminada Petersen,Bill Ortiz
254,Laurene Hess,Desmond Lane,Dalene Lamb
255,Sam Stanton,Billye Horn,Inocencia Waters
256,Luana Casey,Refugio Rivers,Eli Leblanc
257,Earle Ortega,Rupert Simpson,Madalene Chan
258,Mel Bentley,Micheal Carver,Judson Benson
259,Babette Strong,Harold Weeks,Porsche Floyd
260,Rayford Benson,Susy Bishop,Dwayne Hayes
261,Gretta Moreno,Gilberto Hawkins,Robby Leach
262,Dorian Evans,Katelynn Ellis,Allyn Clements
263,Booker Tucker,Cristobal Humphrey,Hal Battle
264,Terence Chandler,Clemmie Shannon,Erin Horne
265,Hoyt Atkins,Leopoldo Clarke,Bong Riley
266,Lester Schroeder,Theola Wright,Ayesha Barron
267,Dante Farrell,Donette Wheeler,Dusty Trevino
268,Tarah Dotson,Reena Herrera,Vincenzo Deleon
269,Sharan Taylor,Izetta Carpenter,Savanna Sawyer
270,Clair Sandoval,Dirk Logan,Antonetta Beasley
271,Reynaldo Sullivan,Norris Kirby,Eugene Pruitt
272,Russell Gregory,Nicolasa Morin,Domitila Bond
273,Izola Gentry,Chi Graham,Edelmira Randall
274,Caleb Payne,Deloise Bean,Clemmie Figueroa
275,Truman Lindsey,Antone Williams,Jermaine Turner
276,Stewart Jensen,Doyle Contreras,Joesph Bass
277,Garret Pennington,Isaias Herring,Sammy Gallegos
278,Lael Mccall,Roni Blackwell,Johnny Chen
279,Lucio Cummings,Ira Houston,Dahlia Bridges
280,Caleb Estes,Karl Benson,Moon Simmons
281,Gilbert Robertson,Garth Burks,Vena Byers
282,Brendan Curry,Nenita Mcguire,Junko Pena
283,Derick Maldonado,Suzi Cantu,Roman Mckee
284,Willette Robinson,Quiana Cummings,Edelmira Cooper
285,Lakiesha Conrad,Jaye Mercer,Antonia Kane
286,Erik Guthrie,Fairy Gay,Del Duffy
287,Bula Becker,Peter Waters,Bee Peters
288,Wilford Rodriguez,Irish Weiss,Raymon Dudley
289,Jannet Paul,Sheldon Hughes,Grady Anderson
290,Clarita Fischer,Dillon Garner,Hank Hicks
291,Rosann Robinson,Kennith Taylor,Wilford Cruz
292,Melia Levine,Peter Hammond,Brendan Levy
293,Wendolyn Bush,Jamaal Hebert,Dana Hester
294,Evelyne Horton,Katrice Cote,Hai Good
295,Chas Harrison,Dennis Justice,Cuc Wolf
296,Marcelo Graves,Antone Finch,Dwain Burch
297,Joshua Gregory,Loan Ewing,Billy Dotson
298,Maye Carr,Mickey Knapp,Chase Hendricks
299,Kareen Donaldson,Columbus Warner,Roni Cleveland
300,Wendie Combs,Nigel Salas,Walton Good
301,Jamal Barber,Yuri Barry,Augustina Crawford
302,Linn Callahan,Nicolas Serrano,Harris Berger
303,Virgen Barron,Fatimah Hughes,Kassie Delacruz
304,Valentin Pickett,Omar Suarez,Stanley Trujillo
305,Cedric Rollins,Nikole Zimmerman,Carry Valenzuela
306,Kareem Talley,Edelmira Barry,Reginald Frye
307,Hubert Bryan,Kory Lara,Tyler Meyer
308,Mathilde Crane,Shaunta James,Reid Small
309,Toshiko Rhodes,Maria Sampson,Darren Webb
310,Bennett Strickland,Rickey Cohen,Seymour Zimmerman
311,Marco White,Thomasena Carpenter,Milton Hart
312,Elliot Bennett,Hobert Gould,Brad Bird
313,Forrest Farley,Gia Shepherd,Ron Walton
314,Fausto Bonner,Leeanna Haney,Hildred Nixon
315,Jeffry Nelson,Melani Duke,Britt Miller
316,Hertha Leon,Sylvester Fox,Joey Gonzales
317,Raul Brennan,Kelley Herman,Adena Martin
318,Cedric Bruce,Fidel Richmond,Cornell Anderson
319,Ozell Waller,Randall Pate,Dwayne Alexander
320,Rodrigo Walter,Torri Rosario,Rayford Morse
321,Susy Donovan,Kimbra Blackwell,Micah Henderson
322,Krystina Mckee,Howard Vaughn,Zonia Hooper
323,Hilaria Black,Willow Walters,Roseline Lucas
324,Morton Abbott,Ashli Patrick,Rochell Mooney
325,Arminda Buckner,Ariel Barrett,Diego Mcknight
326,Wen Key,Neoma Boyd,Neville Merrill
327,Spring Castaneda,Terrence Burton,Olympia Deleon
328,Lisabeth Castillo,Thersa Meyers,Armand Bell
329,Eleonore Lowery,Bobbye Lee,Katherin Sawyer
330,Etha Hurley,Valrie Wiggins,Bethanie Fuentes
331,Margareta Parks,Reuben Hill,Delisa Workman
332,Clarence Perry,Melania Rose,Azzie Mcgowan
333,Blaine Hodges,Domenica Hicks,Wilhemina Horton
334,Mendy Fernandez,Alvaro Sharp,Pablo Tyson
335,Malena Leblanc,Elwood Gill,Yanira Atkinson
336,Long Walker,Maurice Ayala,Monnie Macias
337,Ervin Cox,Shandra Yates,Marcell Mason
338,Val Stevens,Patience Mcpherson,Frances Koch
339,Treena Alvarez,Deeann Rogers,Min Jordan
340,Melia Wiggins,Sergio Gaines,Spring Blackburn
341,Breann Wilcox,Dominique Langley,Linwood Whitaker
342,Celena Pickett,Kittie Duffy,Lala Chapman
343,Yulanda Baldwin,Man Knox,Ethan Barrera
344,Jodee Bond,Jess Barlow,Calista Brady
345,Chung Pearson,Darius Lynch,Kermit Bailey
346,Clint Clay,Tish Skinner,Jeannetta Daniel
347,Larita Crawford,Jen Zamora,Deetta Mckee
348,Thomas Spence,Brant Emerson,Elias Parrish
349,Jamar Reid,Riva Ferguson,Donny Bryan
350,Jules Mcintyre,Gerard Wright,Dagny Hampton
351,Charis Stark,Virgil Battle,Daron Stark
352,Armand Stone,Barrett Hyde,Guillermo Ramirez
353,Monty Roth,Lien Welch,Tyrone Gates
354,Laurena Lawrence,Tamala David,Jenell Peterson
355,Alica Carroll,Damian Frye,Stephania Huff
356,Ian Berger,Stan Lambert,Bryanna Joseph
357,Shizue Kline,Laticia Walker,Eneida Fuentes
358,Clement Hill,Tifany Copeland,Trevor Singleton
359,Andrew Beard,Terresa Farley,Eladia Mccall
360,Terrence Carter,Sabine Casey,Kathline Jenkins
361,Jacob Vargas,Madalene Ratliff,Clementina Burns
362,Angel Fleming,Hubert James,Tonie Warren
363,Dan Hahn,Barrett Lopez,Noella Rose
364,Stanley Estrada,Dominique Rice,Ayanna Mckinney
365,Millard Barnes,Noah Hutchinson,Cristopher O'neal
366,Lino Guthrie,Juliane Booker,Elli Durham
367,Patrick Dodson,Usha Holland,Elwanda Emerson
368,Brad Bird,Calandra Morales,Kasandra Hansen
369,Woodrow Lewis,Lane Stephenson,Jay Goodman
370,Shanelle Mcbride,Alaine Rowe,Frankie Davidson
371,Kathline Pugh,Willene Morales,Rodolfo Lancaster
372,Teofila Cortez,Marty Maxwell,Ronald Dotson
373,Thad Mitchell,Gail Doyle,Myles Hobbs
374,Dylan Compton,Dannette Bauer,Livia Cobb
375,Noble Rowe,Vasiliki Nicholson,Juan Jenkins
376,Patience Dorsey,Carmelina Lyons,Gerry Barry
377,Adrien Hale,Caleb Gill,Carrol Briggs
378,Mireille Castillo,Nga Rose,Shaun Fuentes
379,Hugo Floyd,Dreama Guerra,Johnny Peters
380,Yael Wiley,Hiedi Golden,Lourie Hutchinson
381,Holley Burton,Matthew Parsons,Reuben Shaffer
382,Corie Skinner,Steve Valencia,Margarito Mcfadden
383,Sam Patterson,Meghann Harding,Sherill Dickson
384,Fredda Rollins,Shandi Hooper,Will Rollins
385,Ollie Berg,Aaron Morton,Deon Boyle
386,Jong Houston,Towanda Stanley,Clement Rogers
387,Daysi Barrett,Ozell Malone,Gracia Mullins
388,Edmond Bruce,Roland Farrell,Lean Williams
389,Irwin Joyner,Rich Burch,Jannet Poole
390,Lachelle Melton,Tennille Love,Jacquetta Pacheco
391,Contessa Davenport,Nakesha Noble,Jimmy Leblanc
392,Lupe Matthews,Omega Mccullough,Otelia Sellers
393,Henry Stone,Deon Cruz,Arlinda Reese
394,Chung Albert,Derick Owens,Krystina Sampson
395,Maisie Atkins,Janita Cantu,Jamey Crosby
396,Agripina Rios,Shizue Blankenship,Miles Weeks
397,Ruthanne Sharpe,Libbie Harris,Mack Frederick
398,Dusty Ray,Dorathy Cooper,Leighann Lyons
399,Audria Sullivan,Byron Sanders,Isaiah Good
400,Rey Wilson,Refugia Glenn,Lavona Thompson
401,Verlene Torres,Jason Horne,Bert Harding
402,Johnie Leon,Belia Dawson,Laraine Sullivan
403,Illa Bennett,Rick Heath,Serita Cook
404,Macy Gardner,Ike Reed,Hassan Stuart
405,Drew Dyer,Renda Whitney,Iesha Nichols
406,Taina Gallagher,Cicely Lopez,Katherin Macias
407,Reggie England,Jule Carpenter,Anisha Richmond
408,Denver Dorsey,Mariano Burke,Johana Rhodes
409,Meda Young,Dahlia Huffman,Timothy Clark
410,Bok Dunn,Hunter Aguilar,Tegan Kane
411,Mee Colon,Melania Solomon,Syreeta Klein
412,Latarsha Berger,Timika Jarvis,Minda Elliott
413,Carry Stokes,Britta Wood,Vanna Hyde
414,Michale Glenn,Kacy Myers,Freddie Morse
415,Lurline Pugh,Maira Harding,Joaquin Norris
416,Gigi Rivers,Alysha Crane,Brett Scott
417,Rafael Fisher,Porfirio Weaver,Ulrike Salas
418,Leonard Poole,Mauricio Gordon,Nancey Hoffman
419,Felisa Burnett,Stephan Holland,Jadwiga Snider
420,Eleanora Stanton,Woodrow Gill,Ardath Bell
421,Rod Mason,Marlin Hawkins,Joi Sutton
422,Armandina Cantrell,Wilfred Vang,Jannet Justice
423,Marvella Mcgowan,Hugh Waller,Shyla Gaines
424,Normand Hamilton,Catarina Webster,Augustus Goff
425,Charles Clemons,Edward Burris,Annelle Klein
426,Desmond Greene,Kelsi Cortez,Anthony Bush
427,Wade Cummings,Harland Donovan,Tammera Patterson
428,Ferdinand Brock,Santiago Pope,Lyndia Ashley
429,Vernon Sanchez,Keitha Combs,Cythia Guerra
430,Kenny Conley,Tonie Cannon,Dirk Horn
431,Sherman Powell,Charlsie Kaufman,Lawana Pugh
432,John Cameron,Zenobia Gilmore,Cory Nicholson
433,Maurice Kerr,Deshawn Ratliff,Halley Rose
434,Agustin Cummings,Janetta Buck,Bryanna Kirkland
435,Reggie Rasmussen,Lavinia Cantrell,Alec Higgins
436,Romeo Norris,Sharie Hardy,Taylor Marshall
437,Heath Mathews,Clemencia Knapp,Waylon Berry
438,Shirely Spencer,Tifany Santos,Jerlene Chang
439,Frankie Cline,Tran Sheppard,Dominica Grimes
440,Kurt Gaines,Cleveland Delaney,Sherly Chambers
441,Moriah Mooney,Johnie Bean,Chance Vang
442,Delana Ballard,Rasheeda Faulkner,France Boyer
443,Mafalda Santana,Phil Gross,Felisa Petersen
444,Rivka Mccoy,Willis Hebert,Aubrey Aguilar
445,Malisa Terry,Mason Allison,Cherelle Morris
446,Vanetta Watkins,Mickey Hancock,Damon Warner
447,Sterling Salas,Alexis Watts,Scott Sharpe
448,Kai Webster,Ned Terrell,Adam Elliott
449,Tristan Hoffman,Deeann Cross,Kym Burton
450,Tom Shepard,Wilber Malone,Aaron Higgins
451,Michel Wagner,Milo Pickett,Daine Estes
452,Antonetta Austin,Jody Petty,Rusty Charles
453,Marleen Potter,Rasheeda Beard,Caron Reeves
454,Otto Pope,Lael Wilkinson,Luvenia Alston
455,Winfred Levy,Silas Hutchinson,Tu Cabrera
456,Jerrold Emerson,Maynard George,Lashunda Mitchell
457,Jordan Black,Nia Todd,Sook Barton
458,Russ Wall,Karl Page,Stanley Pope
459,Russell Morin,Ashley Blevins,Anisha Roy
460,Aleshia Bryan,Jim Lambert,Kermit Leblanc
461,Dario Merritt,Izola Jacobson,Wally West
462,Annamae Walls,Risa Kent,Iluminada Mcmahon
463,Ethelene Marquez,Fairy Mack,Regenia Everett
464,Sana Harris,Ricky Schroeder,Donny Hughes
465,Solange Nunez,Dania Crane,Devon Robbins
466,Vennie Ross,Eveline Valdez,Thomas Wiggins
467,Luis Parks,Mark Ferrell,Riley Mcgowan
468,Cristie Kim,Calandra Dennis,Dorie Hendrix
469,Kelsie Smith,Lemuel Baird,Gene Britt
470,Chae Mccray,Haywood Garrett,Derrick Doyle
471,My Langley,Carlo Barton,Priscila Le
472,Ronny Humphrey,Jc Meyer,Reuben Mccoy
473,Lelah Anthony,Gale Barnett,Laurence Ray
474,Cordell Summers,Walter Sheppard,Jeremiah Yang
475,Thu Shaw,Daniele Kirby,Cyrus Perkins
476,Erik Velez,Enola Head,Senaida Joseph
477,Ardelle House,Burton Sheppard,Yee Boyd
478,Kayleen Burke,Susann Vang,Sidney Woods
479,Zackary Brennan,Tennille Webb,Dusty Madden
480,Andre Graves,Jinny Jackson,Sharice Norman
481,Horace Martin,Earlean Finch,Claudio Benton
482,Demetrice Kennedy,Deonna Wheeler,Jacinda Brady
483,Randee Wilson,Assunta Carrillo,Ernest Fisher
484,Sharleen Potts,Chery Maddox,Amina England
485,Pura Burke,Rossie Branch,Elanor Fowler
486,Oneida Brock,Hannelore Underwood,Scott Fry
487,France Leach,Matt Ortega,Flavia Parker
488,Rachell Jones,Odis Moreno,Morgan Ramsey
489,Spencer Harrell,Korey Mueller,Jule Spencer
490,Lance Diaz,Peter Joyner,Brendon Barlow
491,Wilton Norman,Mitchel Salinas,Janetta Faulkner
492,Julius Stark,Olin Kline,Conception Michael
493,Fritz Pope,Wayne Steele,Elmer Wolfe
494,Duncan Greene,Shelton George,Dexter Decker
495,Kenia Rhodes,Courtney Hunt,Dung Donovan
496,Nancee Dennis,Harland Duran,Rick Hubbard
497,Waltraud Frost,Aja Pennington,Chere Chaney
498,Yi Ruiz,Bree Rutledge,Danilo Burton
499,Loise Pitts,Pamelia Blankenship,Ezequiel Whitehead
500,Dana Wilson,Julian Vinson,Chin Dotson
501,Delisa Henson,Sherman Ortega,Gerry Crawford
502,Kyle Harvey,Pierre Harmon,Bruna Zamora
503,Beatris Vazquez,Homer Bryan,Sean Potter
504,Trinidad Bartlett,Shin Mcpherson,Theresia Velez
505,Nicolas Stout,Willy Donovan,Leoma Middleton
506,Percy Simmons,Le Mckenzie,Brice Shepard
507,Marcellus Harrington,Owen Mosley,Rolando Greene
508,Armanda Barry,Peter Perry,Lawrence Larson
509,Shawana Mays,Clay Neal,Belia Holden
510,Santina Hartman,Moises Bridges,Porfirio Jordan
511,Freddy Bridges,Adrian Saunders,Fumiko Bryan
512,Lee Horne,Katharina Dyer,Marvin Olson
513,Michel Logan,Tennie Maynard,Edra Ballard
514,Shanti Ashley,Todd Velez,Yuki Higgins
515,Solange Burris,Alden Hendrix,Joye Anthony
516,Jaime Mccarty,Antony Owens,Tarah Noel
517,Rolande Gibson,Robin Horton,Kiersten Mcfarland
518,Demetrius Gray,Warren Hamilton,Mozella Wiggins
519,Johnnie Vega,Isaac Walter,Jefferey Wagner
520,Rafael Jenkins,Marcelino Lara,Mica Pearson
521,Neoma Woodard,Albertine Bird,Gabriel Gould
522,Rudolf Wong,Dominick Hudson,Bret Davidson
523,Mervin Green,Sherice Conley,Season Murray
524,Rodolfo Hutchinson,Elmer Howe,Maxwell Mosley
525,Tish Roach,Colene Macdonald,Verlene Blankenship
526,Tona Black,Morgan Ramirez,Fredda Juarez
527,Ron Taylor,Vance Webster,Siu Robertson
528,Augustus Pacheco,Eddie Gutierrez,Sherill Miranda
529,Jeanett Charles,Quyen Vega,Fermina Porter
530,Troy Mclean,Randolph Stout,Waldo Olson
531,Dewey Sandoval,Emmett Case,Malorie Finch
532,Treena Saunders,Hermine Strickland,Ellsworth Murray
533,Jarrett Fischer,Arnoldo Beck,Cassondra Andrews
534,Rodger Leonard,Raye Murray,Waylon Dickson
535,Allegra Bernard,Tandra Goodwin,Shin Whitney
536,Frank Mcgowan,Mandie Mcclure,Billie Glenn
537,Genaro Porter,Margorie Garza,Elden Stafford
538,Billy Alston,Junita Odom,Tamica Wooten
539,Terina Duffy,Dennis Marsh,Glendora Mayo
540,Remona Scott,Mirella Robertson,Kris Nolan
541,Gerardo Buchanan,King Carroll,Victor Huff
542,Jenee Townsend,Suzann Trujillo,Margene Kidd
543,Armandina Soto,Darius Mcgee,Tajuana Moreno
544,Terrence Gregory,Kizzie Todd,Wes Mullen
545,Dannie Wolfe,Todd Wiggins,Carmine Shepherd
546,Zack Gallegos,Nancie Mcmahon,Sina Haley
547,Mike Hickman,Al Mercado,Malik Wilson
548,Sam Howard,Peter Horn,Ellis Sharp
549,Trinidad Hart,Terrence Bartlett,Luciano Clay
550,Timmy Ferguson,Clair Mckenzie,Kit Alexander
551,Jimmy Hansen,Antione Peters,Burt Gomez
552,Marty Rollins,Peter Copeland,Zackary Ramos
553,Lavern Clayton,Tashina Drake,Shondra Miranda
554,Bernie Haley,Hilton Leblanc,Hosea Cervantes
555,Jan Andrews,Chara Fuentes,Reyes Arnold
556,Vanna Heath,Terresa Kramer,Yanira Morse
557,Melani Meyer,Dana Freeman,Loren Orr
558,Felix Travis,Kiersten Wong,Julian Atkinson
559,Kandra Diaz,Kevin Herrera,Jerlene Lloyd
560,Kent Holloway,Mui Schroeder,Jamey Rose
561,Neely Stevenson,Gabriel Stevenson,Leon Luna
562,Olimpia Soto,Kaci Carson,Timothy Solomon
563,Felix Church,Jesus English,Christoper Ryan
564,Mozell Evans,Kiersten Valencia,Tesha Alexander
565,Cherelle Phelps,Kayleen Malone,Shala Morrow
566,Annita Talley,Sherise Fleming,Geraldo Montoya
567,Reinaldo Lynch,Cris Whitney,Joshua Lester
568,Brandon Justice,Mandie Raymond,Pauletta Rogers
569,Nelson Hendrix,Hue Payne,Kathline Stanton
570,Efrain Tillman,Roman Tate,Gaston Burt
571,Tobi Young,Gino Meyer,Lucina Trevino
572,Roselle Guzman,Rayford Solis,Bryant Jordan
573,Hee Bradshaw,Calandra Kirkland,Brock Neal
574,Tory Fleming,Morris Salas,Antione Mccall
575,Mammie Forbes,Richard Curtis,Catheryn Mcneil
576,Dusty Rivera,Everett Edwards,Wallace Charles
577,Linn Winters,Dierdre Johns,Jonathan Myers
578,Mervin O'brien,Raymon Sanchez,Colin Franklin
579,Preston Morales,Maurice Cruz,Malcolm Delgado
580,Kieth Russo,Domingo Pearson,Nathan Stone
581,Xavier Drake,Jazmine Knox,Nicol Tate
582,Britany Elliott,Delaine Kennedy,Pat Solomon
583,Isidro Hardin,Dong Wall,Neida Bond
584,Vito Marquez,Winter Cunningham,Kristofer Holden
585,Rudy Ball,Mathilda Hayes,Margart Hays
586,Sherise Carrillo,Cinderella Mann,Max Key
587,Fredericka Walter,Gustavo Whitley,Tran Colon
588,Samuel Frederick,Gertude Alford,Adrian Vance
589,Matt Rich,Twanda Howell,Danae Farley
590,Scot Ballard,Hiroko Barrett,Margarito Chavez
591,Arnulfo Foster,Wilbert Macias,Joel Wolfe
592,Ranae Richardson,Clint Hodge,Jenell Lang
593,Esta Walton,Ceola Allen,Paul Daniels
594,Tony Kemp,Johnathan Avila,Jude Walton
595,Alia Carr,Jutta Mayo,Marinda Aguirre
596,Mckinley Sutton,Leonardo Sparks,Van Powell
597,Glynis Wilkerson,Faustina Hartman,Echo Malone
598,Carry Nunez,Bebe Mcleod,Skye Fulton
599,Thaddeus Olsen,Dede Conner,Chase Silva
600,Marcos Dickson,Mauro Kaufman,Mario Gaines
601,Perry Moody,Coralie Arnold,Shaun Hayes
602,Levi Benton,Denisse Dudley,Paris Meadows
603,Hilde Dawson,Wen Combs,Lawrence Francis
604,Alonzo Molina,Aubrey Jensen,Joshua Dunn
605,Lynn Dean,Edmund Duran,Rico O'neill
606,Simonne Williams,Steven Wilkinson,Librada Gaines
607,Lisabeth Burton,Stefania Pittman,Maurice Rice
608,Tommie Sloan,Tyrone Young,Angelo Hood
609,Cristopher Sellers,Lauralee Marsh,Masako Bryant
610,Luana Tucker,Rodney Calhoun,Marty Guy
611,Inell Park,Vania Singleton,Sebastian Gates
612,Chau Hunter,Willie Mcintyre,Emmaline Jarvis
613,Aurelio Estrada,Carlos Boyd,Mitch Flynn
614,Wendell Bean,Larae Pope,Melda Shaffer
615,Will Vazquez,Sang Murphy,Wiley Pugh
616,Alonso Hampton,Andy Hatfield,Pablo Justice
617,Tyree Mcdaniel,Kelvin Blankenship,Odis Ayala
618,Elmo Patrick,Mirtha Browning,Horace Reed
619,Rosario Barr,Lamont Reese,Tristan Rodgers
620,Harlan Moon,Nelida Berger,Rocky Compton
621,Olimpia Lynn,Emil Salazar,Sari James
622,Mana Sweet,Davis Forbes,Rickie Mclaughlin
623,Wai Calderon,Ike Huff,Lucius Kim
624,Lynell Mccray,Wilford Bradford,Ralph Lang
625,Sulema Townsend,Cornelius Russo,Maurice Booker
626,Zandra Hamilton,Delicia Roach,Danny Serrano
627,Gilbert William,Pedro Garner,Merle Good
628,Sylvester Small,Sharan Whitfield,Dewayne Hester
629,Yelena Drake,Amberly Jacobs,Jestine Ramos
630,Ashlea Hensley,Neil Watts,Tamisha Blankenship
631,Detra Cox,Jolyn Sweeney,Joaquina Richardson
632,Minh Meyer,Daron Craft,Tamiko Figueroa
633,Richard Anthony,Josiah Campos,Layla Mann
634,Werner Elliott,Temple Velazquez,Kevin Freeman
635,Robt Hardin,Bradford Gibson,Akiko King
636,Carolyne Sanford,Rosenda Farley,Maryland Aguilar
637,Jacquelynn Moon,Rufus Peterson,Merrilee Daniel
638,Larry Rodriguez,Ezra Ryan,Augustine Lester
639,Slyvia Olsen,Lenny Vega,Roseline Dickson
640,Lavern Gray,Augustus Cotton,Donnie O'neill
641,Weldon Rush,Rex Rush,Fairy Mejia
642,Chi Mueller,Danny Kelly,Barbera Ramos
643,Tashia Stephens,Bruno Craft,Albert Rogers
644,Leroy Hebert,Waylon Allen,Darwin Kirkland
645,Marion Lawson,Lynna Burgess,Mary Hoffman
646,Margarito Vega,Lavern Flowers,Tristan Short
647,Margaretta Stokes,Arden Harvey,Vanita Figueroa
648,Johnnie Valdez,Booker Cummings,Williemae Pratt
649,Raye Horn,Krysta Cunningham,Dirk Summers
650,Toby Cross,Jamaal Sanders,Benedict Dalton
651,Veta Gardner,Nida Murphy,Isiah Rivers
652,Brendon Lang,Derick Gardner,Rivka Peters
653,German Huff,Christian Joyce,Jaimee Medina
654,Alita Dyer,Garfield Cochran,Aiko Dotson
655,Nathan Weiss,Ranae Mcdaniel,Booker Flowers
656,Kera Meyers,Hermina Osborne,Rudy Preston
657,Keenan Jacobson,Matthew Kelly,Norbert Valdez
658,Jefferey Boyd,Jackie Chen,Berna Cain
659,Greg Lyons,Wilfred Horn,Rick Benson
660,Sherlene Downs,Delbert Houston,Angelic Chambers
661,Joesph Kirk,Palmira Rogers,Ayako Calderon
662,Chadwick Tyler,Christene Mcleod,Loren Crane
663,Drema Prince,Hildegarde Madden,Raymundo Lara
664,Bulah Battle,Mitchel Rodriguez,Greg Ball
665,Andres Richmond,Man Deleon,Sparkle Benton
666,Neal Nolan,Cassey Jennings,Kristian Villarreal
667,Ozella Tate,Abram Bennett,Bari Livingston
668,Aaron Mcneil,Marlana Alston,Bennett Graham
669,Bret Byers,Tatyana Frye,Bryon Flynn
670,Jewel Cortez,Oretha Bentley,Teodoro Petty
671,Lou Palmer,Beau Sanchez,Renato Mcintosh
672,Shirley Brooks,Loren Osborn,Voncile Lyons
673,Sanda Walsh,Ted Sargent,Wan Carson
674,Eldon Fisher,Wyatt Vincent,Trevor Haley
675,Alvera Hull,Hank Clemons,Roselia Glass
676,Sidney Anthony,Olympia Brady,Debera Booth
677,Gerald Blanchard,Rubie Cantrell,Eilene Sanford
678,Lisha Rosario,Sharda Wiley,Tama Paul
679,Necole Kirk,Nathanael Contreras,Bernetta Castro
680,Janett Thornton,Leigh Wilkinson,Richard Blevins
681,Maragaret Branch,Synthia Suarez,Gabriel Price
682,Alvaro Walter,Boyce Alvarado,Sergio Mcgowan
683,Kacy Delacruz,Ulysses Haney,Chara Bradford
684,Laurinda Carey,Reginia Holcomb,Steven Arnold
685,Royce O'brien,Deandre Medina,Isidra Montoya
686,Joeann Cobb,Danyelle Burton,Bradford Golden
687,Romaine Guerrero,Beverlee Munoz,Mack Kennedy
688,Ayanna Mckee,Gordon Long,Hollis Cash
689,Joeann Weiss,Jeff Rodriguez,Clyde Miranda
690,Delta Vaughn,Dong Pittman,Rickey Fitzgerald
691,Scarlet Barrera,Dorian Strickland,Renetta Conway
692,Jeremy Saunders,Annabell Pitts,Donette Weiss
693,Felicidad Espinoza,Barbie Franks,Tiera Mccormick
694,Jeffry Fitzgerald,Yong Mccoy,Reanna Vega
695,Mike Simpson,Ethan England,Lavern Hardin
696,Bernie Dominguez,Lou Stevens,Monty Jacobs
697,Sergio Hyde,Rob Cabrera,Hector Mcdonald
698,Rod Coffey,Gary Lawson,Antwan Mitchell
699,Thurman Atkinson,Melodee Herman,Sharleen Chambers
700,Lauren Adkins,Gayle Lyons,Clarinda Myers
701,Paulita Daugherty,Jacinto Guzman,Tawna Fry
702,Graham Hawkins,Arletha Byers,Colby Glover
703,Chung Fox,Douglass Blackburn,Sharyl Witt
704,Adaline Hall,Mammie Howell,Hilma Wagner
705,Wilbert Allison,Evelina Rutledge,Paris Nixon
706,Shawana Sandoval,Israel Orr,Wesley Frye
707,Erick Stevenson,Buster Combs,Bud Travis
708,Raelene Boyle,Walter Strickland,Julio Hopkins
709,Randa Rodriquez,Leonard Wagner,Barney Watson
710,Afton Good,Riley Orr,Jesusa Burton
711,Nigel Giles,Chantell Bird,Angelo Hale
712,Elisabeth Chavez,Noe Schroeder,Cleopatra Franco
713,Kirk Adams,Dorie Haley,Leida Ortega
714,Matha Summers,Foster Bray,Lael Noble
715,Loreta Strickland,Lili Robertson,Ceola Herring
716,Andrea Hodges,Odis Mcintyre,Laronda Schultz
717,Micah Rich,Jackqueline Bridges,France York
718,Shaquana Moon,Colton Cameron,Josef Lloyd
719,Nicky Ryan,Vance Coleman,Lang Jones
720,Darius Solis,Nadene Leach,Eugenio Booth
721,Fred Roberts,Vinita Ortega,Luana Lang
722,Rocco Mills,Shaquita Cook,Sammy Lawrence
723,Normand Mckay,Luci Gamble,Jimmie Velazquez
724,Joel Church,Charles Woodward,Mitzie Mcintyre
725,Allen Cabrera,Lisandra Alford,Wilfredo Downs
726,Lazaro Farley,Alexis Lee,Consuela Fischer
727,Jules Austin,Stephen Mercado,Irish Sloan
728,Katelynn Mathews,Terrence Emerson,Willie Skinner
729,Emanuel Pena,Filiberto Delacruz,Frank Estrada
730,Fabian Glenn,Bruce Sandoval,Demetrice Mann
731,Trey Rivera,Jaimee Hammond,Harley Ratliff
732,Pete House,Jody Gibson,Porfirio Moody
733,Norris Bonner,Emelia Key,Agnus Stanley
734,Rodger Meyer,Alfred Powers,Rubin Avila
735,Leslie Becker,Ligia Blanchard,Alphonso Mccarthy
736,Adah Burks,Bernardine Burton,Woodrow Hernandez
737,Fairy Watts,Amee Park,Herbert Coleman
738,Vi Christian,Denisse Owen,Irwin Garza
739,Zonia Hughes,Quentin Giles,Shane Irwin
740,Chet Figueroa,Russell Potter,Jenine Boyd
741,Shantae Estes,Shayne Dillard,Carmelina Downs
742,Dacia Bray,Quinn Mckenzie,Nana Cherry
743,Rod Logan,Maragret Ward,Dewayne Green
744,Emelia Pitts,Major Kaufman,Neil Frost
745,Dewayne Harrington,Leigha Molina,Keith Sellers
746,Sima Hobbs,Ria Barry,Shirley Burch
747,Willy Logan,Cuc Harper,Graig Huber
748,Iluminada Sosa,Garry Carlson,Kathern Mills
749,Albert Mcleod,Franklin Underwood,Alfredo Padilla
750,Dante Kelly,Myesha Moran,Yahaira Browning
751,Jestine Bradshaw,Elton Snyder,Rashad Sargent
752,Verdie Dalton,Mahalia Doyle,Aurore Juarez
753,Rubin Coleman,Kimi Gill,Andrew Mcclure
754,Emmitt Stuart,Waldo Berger,Edmund Chandler
755,Ka Waters,Sirena Francis,Luise Joyner
756,Julienne Booker,Lannie Bell,Mauricio Sharpe
757,Olinda Kirkland,Claretha Morton,Reda Pate
758,Honey Burks,Clarisa Stanton,Enrique Ramirez
759,Jacki Warren,Nubia Gregory,Chara Kline
760,Long Thornton,Shawana Wooten,Violette Walters
761,Lexie Buchanan,Salena Mcneil,Johnson Greer
762,Ludivina Mann,Genny Delgado,Mandie Contreras
763,Dirk Mueller,Lala Ortega,Lamar Graves
764,Scot Phelps,Tommy Sheppard,Silas Cote
765,Francisco Peterson,Anton Sloan,Tad Johnson
766,Berry Berger,Tyron Tate,Giovanni Fleming
767,Beatris Mcdaniel,Mika Mullins,Raelene Shannon
768,Wilford Meadows,Deedee Chapman,Jarred Hayes
769,Gonzalo Leblanc,Lenny Dorsey,Elisa Richmond
770,Art Patrick,Vincenza Santana,Bernardine Slater
771,Sanford Mcmillan,Melida Casey,Benedict Sanders
772,Edmond Meyer,Kelley Lynn,Sanora Gonzalez
773,Edwin White,Kerry Chang,Reynaldo Branch
774,Norman Estrada,Lynell Murphy,Kristopher Kelly
775,France Wilkerson,Ernest Goff,Margarito Waters
776,Cortez Whitaker,Jeffry Burton,Sergio Greer
777,Vern Wise,Dwight Bryant,Maria Sharpe
778,Sherise Love,Carmelia Hobbs,Johnette Richmond
779,Selene Fuentes,Elodia Dean,Ross Todd
780,Lynn Booth,Mckenzie Knowles,Calvin Noel
781,Elanor Romero,Ed Bradley,Ned Harris
782,Meridith Stanley,Chaya Rivera,Mario Bennett
783,Sharika Chavez,Jaimee Freeman,Obdulia Sanders
784,Mariko Drake,Jerrold Chavez,Jewell Decker
785,Rory Tran,Burt Walls,Kristopher Todd
786,Sammy Brennan,Veronika Mcknight,Wilber Sandoval
787,Reda Mendoza,Graham Hines,Lynell Ortega
788,Branden Rasmussen,Sachiko Flores,Emmett Craft
789,Joshua Lindsay,Devon Flores,Willard Suarez
790,Cleveland Williamson,Alyse Riggs,Marvin Holloway
791,Jacki Fulton,Garland Shepard,Maxwell Duke
792,Rosena Bass,Faustino Burt,Sina Perez
793,Ian Mooney,Truman Mcguire,Oscar Hensley
794,Ping Gross,Jina Foster,Zachery Sims
795,Steven Moreno,Nolan Summers,Wen Cohen
796,Lakita Riddle,Donald Williams,Whitney Smith
797,Merna Stout,Casey Baker,Lucius Woods
798,Violette Fry,Tran Irwin,Trevor Mills
799,Tempie Henry,Fredda Boyle,Lelah Erickson
800,Breann Medina,Azalee Pace,Ray Bright
801,Kristofer Alvarez,Sydney Nieves,Emmanuel Carver
802,Arlyne Pickett,Alan Chambers,Shenita Golden
803,Mac Maxwell,Horacio Knight,Alonzo Mcleod
804,Jarrod Daugherty,Lowell Ferguson,Reynalda Petersen
805,Jermaine Brady,Elsy Barnett,Kaylene Barnes
806,Rusty Strickland,Janean Kim,King Hoover
807,Darnell Morales,Lavonna Sweeney,Donetta Boyd
808,Jerome Guerrero,Jamison Madden,Patria Tillman
809,Herbert Alvarez,Greg Burks,Kelvin Estes
810,Shaun Kramer,Jude Tyson,Madie Richardson
811,Dewayne Gregory,Cody Preston,Gary Drake
812,Devon Battle,Despina Pittman,Brooks Contreras
813,Zachery West,Dominic Butler,Danny Conner
814,Glennie Alvarez,Love Mcintosh,Lady Medina
815,Merri Ford,Manie Pratt,Kenyetta Valenzuela
816,Junita Burnett,Janay Burch,Emilio Hogan
817,Teodora Lawson,Genaro Glenn,Boris Moses
818,Roderick Perkins,Jewel Rodriguez,Mahalia Maynard
819,Jack Hendrix,Claudio Burke,Lekisha Bruce
820,Norris Mills,Necole Vazquez,Rosena Doyle
821,Asuncion Santiago,Jefferson Mckay,Earleen Cobb
822,Rodger Dickson,Byron Banks,Elisha Leonard
823,Quyen Carver,Rogelio Francis,Shelby Keller
824,Keenan Cox,Stewart Bray,Wai Travis
825,Renay Fischer,Doloris Rowland,Delmer Best
826,Theron Hendrix,Loreen Cortez,Raylene Gentry
827,Robby Richard,Laronda Blankenship,Chanelle Schneider
828,Marcel Hammond,Ismael Berry,Stephen Bonner
829,Thomasena Vaughan,Ressie Case,Kristian Mitchell
830,Keith Knowles,Venetta Bryant,Betsey Chavez
831,Louie Pearson,Hayden Bridges,Angelo Santana
832,Warren Bentley,Adrian Golden,Dusty Maddox
833,Lakenya Jennings,Ricky Carroll,Yevette Bryan
834,Lester Mendoza,Reggie Peck,Jenine Martin
835,Gino Green,Sharita Bryan,Burton Hardin
836,Ernie House,Shantae Woodward,Thomasine Horne
837,Tobi Hardin,Barrett Campos,Minna Albert
838,Burl Rose,Nenita Dillard,Hiram Schneider
839,Taylor Boyer,Delaine Sanford,Abram Cervantes
840,Juan Guzman,Stacey Martinez,Shelby Ward
841,Johnathan Clarke,Eugena O'neill,Donald Calderon
842,Krystina Phillips,Stanley Tyler,Emanuel Austin
843,Ute Harrell,Vito Powell,Sina Burke
844,Claude Boyle,Landon Joyce,Gia Le
845,Hugh Harrison,Derrick Dunlap,Allen Barron
846,Leeanna Davenport,Marcos Castaneda,Marcellus Holden
847,Shyla Golden,Billye Velez,Delisa Gutierrez
848,Kelly Graves,Fausto Hayden,Sina Goff
849,Alysa Glenn,Tracy Carr,Rickie Mueller
850,Curtis Burgess,Madison Baird,Melodi Morales
851,Dionna Snyder,Willian Cooper,Love Cooper
852,Ward Boone,Cheree Mercer,Carie Nelson
853,Mitzie Tucker,Sharilyn Ross,Stan Cochran
854,Del Brewer,Terica Torres,Hue Golden
855,Maren Gates,Ricarda Blake,Marlin Copeland
856,Merrie Kennedy,Ewa Bell,Rick Mccarthy
857,Jame Norton,Bebe Brady,Casey Huber
858,Ashli Cole,Wilton Pittman,Eddie Ellison
859,Kiana Ferguson,Ranae Hartman,Dean Rodriguez
860,Deandre Whitley,Krysten Gillespie,Jaymie Woods
861,Kyoko Robinson,Charles Harrell,Clint Daniels
862,Francis Dunlap,Jeanene Frye,Roseline Jarvis
863,Jules Bailey,Arcelia Mcgowan,Bruce Larson
864,Dinorah Washington,Micah Golden,Kati Briggs
865,Lavonna Ingram,Bert Livingston,Wenona Campbell
866,Nana Patel,Rudolph Mercado,Classie Berg
867,Brandon Reed,Arturo Dalton,Burt Burch
868,Sal Morgan,Vanna Malone,Kathyrn Coffey
869,Marty Torres,Maris Dennis,Vennie Buck
870,Renda Fletcher,Johna Brennan,Casie Wells
871,Paulita Rivera,Nguyet Shannon,Gino Higgins
872,Robbie Steele,Alaine Montoya,Gene Hammond
873,Clark Mercer,Theo Rivers,Palmer Browning
874,Angelic Heath,Norberto Sexton,Walter Hess
875,Von Wade,Armanda Donovan,Sandy Edwards
876,Arianne Russo,Brice Park,Bernard Henderson
877,Arnoldo Park,Scarlet Harrington,Sadye Sears
878,Tamica Hopper,Deedra Paul,Gonzalo Small
879,Dawne Bolton,Shemika Potts,See Gay
880,Chantell Bradshaw,Salvador Calhoun,Sari Sparks
881,Byron Taylor,Mario Schmidt,Wade Lynch
882,Ethan Lara,Frederick Lowe,Aundrea Warner
883,Landon Gibbs,Clinton Bishop,Leslie Hurst
884,Claude Small,Paulita Emerson,Shane Hobbs
885,Josiah Richmond,Lee Mckenzie,Billie Thompson
886,Frankie Bush,Beaulah Gibbs,Laquanda Gilliam
887,Wesley Mercado,Donnette Gallagher,Luetta Douglas
888,Ignacio Saunders,Devora Fernandez,Trevor Gates
889,Jeramy Walls,Roderick Dickerson,Kiyoko Carver
890,Sabine Gomez,Dominick Hoover,Brynn Hoffman
891,Many Keith,Raymundo Nicholson,Deshawn Webster
892,Jack Marks,Le Alvarez,Sulema Larson
893,Adan Rogers,Columbus Nolan,Noah Cooley
894,Particia Sears,Herschel Baxter,Jackie Crawford
895,Norah Duran,Maximina Skinner,Julio Farrell
896,Armandina Cardenas,Leo Morrison,Noella Flowers
897,Jan Mcdonald,Earleen Washington,Diego Mcmillan
898,Julieann Doyle,Myesha Frank,Cristen Underwood
899,Silas Summers,Elijah Maldonado,Dodie Moody
900,Earl Schmidt,Rodrigo Ortiz,Gwenn Mejia
901,Sana Galloway,Billy Hart,Matthew Clay
902,Mabelle Wallace,Thi Curtis,Arnulfo Bailey
903,Sterling Clarke,Eleanora Nguyen,Rickie Wells
904,Rory Michael,Marlon Chaney,Cherelle Jennings
905,Romeo Gilliam,Chantell Trujillo,Johanne David
906,Tobias Cherry,Keeley Andrews,Marx Cooke
907,Pearly Bates,Harley Pitts,Stefany Miller
908,Grant Haney,Vania Burnett,Danika Gray
909,Elias Carey,Alessandra Cross,Sha Bell
910,Chris Bishop,Sena Fleming,Russel Barlow
911,Ralph Greer,Darrell Wooten,Irving Levy
912,Andera Mosley,Celena Flynn,Wiley Barlow
913,Aliza Barker,Walker Becker,Lonny Doyle
914,Dennis Glass,Herbert Holmes,Linwood Sampson
915,Earle Salas,Harley Gill,Michale Kelly
916,Timothy O'neal,Earleen Holt,Tona Alexander
917,Frank Dixon,Un Benson,Kimber Bruce
918,Jonathon Tran,Kamala Pennington,Floyd Lloyd
919,Darrell Gross,Garrett Warner,Thao Browning
920,Luna Ward,Ozie Carney,Shanti Ruiz
921,Johnny Randolph,Deloise Navarro,Will Coffey
922,Leland Greene,Delbert Harper,Annice Franco
923,Gita Norton,Mirtha Rosario,Jamal Potts
924,Blake Houston,Trudie Hancock,Ping Gentry
925,Sterling Church,Karima Rosario,Lilla Moore
926,Willard Gould,Rafael Eaton,Sabine Dudley
927,Mel Nielsen,Xavier Holder,Augustina Foster
928,Darren Jennings,Damian Morton,Ermelinda Powers
929,Hunter Lambert,Chad Lopez,Tyler Singleton
930,Domenica Huber,Ivan Alston,Kraig Garrett
931,Son Wright,Rex Hicks,Edison Pacheco
932,Tad Weaver,Daphine May,Deloise Shepard
933,Nancey Whitaker,Libbie Abbott,Jeanice Yates
934,Jayna Woodard,Nicky Odom,Laveta Castaneda
935,Rufus David,Dudley Stokes,Shavon Jackson
936,Adalberto Shepard,Shondra Hewitt,Katharina Randolph
937,Troy Collins,Byron Rosa,Tristan Moody
938,Remedios Welch,Nubia Pacheco,Eric Savage
939,Chad Willis,Ernie Lindsey,Dustin Adams
940,Isidra Vasquez,Gennie Howe,Lloyd Valentine
941,Demetrice Maynard,Cletus Pitts,Reagan Cox
942,Randa Cherry,Delila Bowen,Truman Kane
943,Darrel Rivas,Darryl Blackwell,Lenny O'brien
944,Sandie Ratliff,Grisel Lloyd,Matha Colon
945,Casie Aguirre,Jutta Hendrix,Stepanie Davis
946,Williams Kirk,Raleigh Francis,Normand Mcleod
947,Mel Rosario,Antonio Jordan,Argentina Tillman
948,Wilmer Paul,Erick Romero,Manual Jacobs
949,Claretha Rios,Janay Carver,Yolande Morrison
950,Rosario Jordan,Moises Deleon,Otha Fischer
951,Adolph Brooks,Isaias Dawson,Shirleen Schneider
952,Eulah Stout,Tona Fry,Edward Delaney
953,Brian Joyner,Loralee Mcfadden,Sixta Merritt
954,Darrell Santiago,Shawanna Hopkins,Makeda Mathews
955,Krishna Ingram,Usha Jenkins,Calandra Parsons
956,Francisco Perkins,Kathaleen Torres,Tanja Bonner
957,Perry Frederick,Tambra Fitzpatrick,Malcolm Zamora
958,Bo Conway,Eusebia Chen,Kenny Sweeney
959,Enrique Jacobs,Sacha Battle,Soraya Small
960,Donnette Simmons,Reatha Allison,Stepanie Mathews
961,Leeanne Emerson,Brinda Underwood,Drema Collins
962,Barton Morales,Kraig Livingston,Willy Avery
963,Dannie Carter,Fleta Miles,Deeanna Massey
964,Lucrecia O'brien,Elliot Roy,Charis Reilly
965,Micah Woodward,Gracia Whitney,Gaylord Meyer
966,Lindsay Best,Nguyet Russell,Roselee Hines
967,Kirby Dennis,Lowell Hurley,Chang Jarvis
968,Peter Coffey,Rayford Holder,Sherlyn French
969,Rhett Rios,Morgan Castaneda,Brendan Cook
970,Tammara Francis,Clorinda Becker,Rolf Jordan
971,Lucrecia Lott,Lino Travis,Dahlia Carlson
972,Kaila Powers,Enoch Stanton,Torrie Hodge
973,Lorrine Bird,Yon Boyer,Tonda Hart
974,Sherrell Banks,Theodore Huber,Adrian Stokes
975,Janee Hickman,Pauletta Lopez,Avery Dunn
976,Todd Munoz,Demetrius Trujillo,Peter Owens
977,Margarito Keller,Dominick Bullock,Ethan Lawrence
978,Jacob Mcclure,Dorian Middleton,Jose Grimes
979,Jenine Dorsey,Lakia Gordon,Terresa Sims
980,Devin Hamilton,Mana Lott,Crysta Reid
981,Eleanora Powell,Harris Walters,Thomas Burris
982,Thanh Cameron,Jeffrey Haynes,Hee Rowland
983,Chuck Powell,Cameron Suarez,Dong Waters
984,Esteban Hill,Oliver Bush,Johnathan Whitehead
985,Loyd Nichols,Blondell Faulkner,Wes Reynolds
986,Carmelina Brown,Sherlyn Carrillo,Brain Battle
987,Loyd Norris,Donny Fuentes,Tran Mullen
988,Bradly Williams,Lanny Franco,Gaston Randall
989,Kassie Mccarthy,Angelic Lowe,Dia Conrad
990,Savanna Moses,Eduardo Roach,Dominica Schultz
991,Edelmira Lamb,Christeen George,Drema Ballard
992,Floria Adams,Theresia Small,Chase Ryan
993,Jefferson Payne,Ronald Evans,Grady Stevenson
994,Carita Mayer,Nicky Dunn,Gayle Koch
995,Benjamin Mcdonald,Evelyne Mcintyre,Celinda Duffy
996,Owen Duran,Shannon Nichols,Latarsha Mccormick
997,August Melton,Meridith Ford,Dewayne Gibbs
998,Norberto Fleming,Tamiko Ingram,Shaquana Holland
999,Corey Gordon,Allyn Bauer,Tesha Cote
1000,Stuart Coffey,Eli Campbell,Natashia Maldonado
