1,Claude Morton,Russell Hardin,Johnie Russell
2,Taylor Clark,Darell Wells,Roseline Burch
3,Luba Daniel,Thomas Riggs,Lynwood Lucas
4,Chae Dale,Yvone Nielsen,Caprice Lloyd
5,Keith Woodard,Freeman Rosales,Valentin Washington
6,Brinda Bishop,Adalberto Stone,Conchita Newton
7,Louie Acevedo,Modesto Morales,Romeo Carrillo
8,Waltraud Mercer,Kathern Combs,Waylon Koch
9,Ying Estes,Many Riley,Marshall Finley
10,Cornelius Stevenson,Palmira Calhoun,Meghann Patterson
11,Naida Poole,Fidel Pollard,Arlyne Farrell
12,Mason Marsh,Lester Hammond,Rufus Cherry
13,Randal Welch,Micki Cash,Jessia Sanford
14,Clinton Sargent,Fred Ramirez,Rubin Walton
15,Vertie Leonard,Floretta Mccall,Lahoma Hobbs
16,Osvaldo Ryan,Elfreda Crane,Normand Parrish
17,Kaylene Burgess,Rachele Rutledge,Larry Guzman
18,Sanford French,Gaston Conner,Drew Payne
19,Felisa Kim,Ozell Dixon,Jamison Glenn
20,Santo Bass,Wilmer Curry,Rebbeca Hudson
21,Mao Santiago,Soila Dale,Stasia Pittman
22,Melvin Yang,Trinity Hopkins,Takako Valenzuela
23,Yun Slater,Shon Doyle,Greg Villarreal
24,Khalilah Mcintosh,Lieselotte Pollard,Classie Gates
25,Claretta Hyde,Lannie Simmons,Luba Pace
26,Erminia Combs,Darwin Banks,Ernesto Macias
27,Wilburn Kelly,Keven Vaughan,Sherika Bryan
28,Angelyn Hampton,Muoi Mcdowell,Veronika Dickerson
29,Hannelore Santos,Delaine Wyatt,Queenie Kelley
30,Yulanda Foley,Francesco Jacobs,Moshe Pennington
31,Jovan Kidd,Ardella Trevino,Rudolf Gonzalez
32,Joye Mccray,Reginia Perez,Landon Mullins
33,Zofia Townsend,Verlene Hurley,Syreeta Thomas
34,Eric Mayo,Jolanda Rivas,Leigh Sawyer
35,Yaeko Hancock,Deane Ferguson,Carl Ryan
36,Grant Buchanan,Lindsey Harvey,Clemencia Hess
37,Oralee Roach,Bobby Meadows,Kristel Farley
38,Zulema Mcbride,Clarita Hester,Detra Henson
39,Daryl Burton,John Aguilar,Carmelina Powers
40,Jannet Randolph,Deedra Bean,Titus Cardenas
41,Carolyne Duncan,Hermila Booth,Rosena Espinoza
42,Ricarda Horn,Ebonie Zamora,Sharee Fletcher
43,Emmitt Eaton,Angelo Blake,Louvenia Poole
44,Macy Cote,Jaymie Winters,Graig Washington
45,Stephen Carlson,Hassan Berger,Marcel Powell
46,Van Holloway,Sung Hays,Catheryn Gomez
47,Percy Roberts,Aldo Harmon,Elmer O'donnell
48,Chang Stuart,Harley Davidson,Dannielle Harrington
49,Shenika Fox,Chia Koch,Joette Knowles
50,Reuben Gray,Noel Joseph,Harvey Bright
51,Matt Weber,Ervin Mcknight,Garland Adkins
52,Shanita Fletcher,Walton Cline,Lilla Osborne
53,Jeanene Small,Latina Conner,Brooks Ortiz
54,Myron Roman,Prince Cole,Gerald Hardin
55,Dylan Ortiz,Dewitt Beasley,Silva Gilliam
56,Eliana Duke,Tracy Walter,Joan Solomon
57,Peter David,Thalia Jones,Jaye Harrell
58,Harrison Hogan,Dominica Hudson,Dierdre Stone
59,Sherika Gentry,Sammie Collier,Jonelle Butler
60,Lou Valenzuela,Booker Sanford,Ute Knox
61,Jody Keith,Marna Flynn,Isaac Santana
62,Chang Nichols,Vaughn Wright,Nadene Boone
63,Loma Daugherty,Yoshie Gilliam,Porfirio French
64,Donald Weaver,Christopher Henry,Lee Steele
65,Thomas Avila,Renetta Clay,Gita Lindsey
66,Rodrigo Bartlett,Sirena Martin,Ludie Decker
67,Damien Leach,Rueben Valdez,Rosana Lynch
68,Sudie Kidd,Pat Torres,Keven Hodges
69,Richard Campos,Tim Acosta,Josefine Burt
70,Neely Ellison,Sang Pitts,Vito Hansen
71,Joel Glover,Gerald Oliver,Cassondra Conner
72,Rolande Holman,Marielle Kline,Roberto Glover
73,Lindsey Valdez,Darin Sweet,Kimbra Walter
74,Hector Alston,Francie Delgado,Natashia Barron
75,Jesus Good,Desmond Henry,Damian Mooney
76,Ula Trujillo,Lashaunda Little,Loren Gray
77,Norbert Patterson,Samual Bradshaw,Carley Allison
78,Rudolph Tucker,Loren Manning,Remedios Carr
79,Amos Collins,Tinisha Kramer,Van Shaw
80,Sharleen Bond,Greg Chang,Vernon Bridges
81,Melda Matthews,Francisco Richardson,Vi Becker
82,Albert Wright,Neville Kirk,Ira Moody
83,Lenny Bridges,Kristofer Moses,Lynwood Sears
84,Silvana Spence,Kaley Benton,Ethelene Ratliff
85,Mathilda O'neill,Noah Haley,Sindy Harding
86,Ethan Pierce,Claudie Vance,Cortez Petersen
87,Kendall Simpson,Donnetta Sellers,Onie Blackburn
88,Cathey Mills,Gerry Whitfield,Guy Hodge
89,Chantay Turner,Colin Sellers,Melvin Tucker
90,Kam Reeves,Kim Brady,Lacresha Dean
91,Martin Lloyd,Fredrick Scott,Bill Hobbs
92,Jake Cabrera,Amado Mendez,Harrison Powers
93,Angelic Britt,Henry Sanders,Jimmie Kennedy
94,Natacha Bridges,Hunter Gaines,Guadalupe Gregory
95,Isaias Mendoza,Lyle Ramsey,Kenda Cherry
96,Yoko Conley,Laverne Hale,Allen Bailey
97,Lucas Harrington,Willy Langley,Miss Rosales
98,Norberto Conway,Hobert Wilkinson,Lucas Blake
99,Theodore Hurley,Nevada Albert,Major Alexander
100,Terrell Camacho,Lloyd Howard,Heriberto Garner
101,Madelaine Morton,Maryrose Galloway,Eleanora Hammond
102,Truman Lester,Larae Parrish,Alan Fry
103,Tyler Baxter,Porter Dejesus,Shea Sexton
104,Ai Wolf,Miguel Wheeler,Melda Fry
105,Carmine Langley,Thomasena Roy,Roni Baxter
106,Kimberlie Hendricks,Shaunta Keller,Emiko Gonzalez
107,Ervin Davidson,Temika Bentley,Toshiko Moses
108,Buena Rios,Tod Hansen,Altha Blevins
109,Kieth Dejesus,Eugenio Jenkins,Dan Briggs
110,Austin Henson,Gerry Olsen,Keenan Mckee
111,Jefferson Chavez,Genia Day,Rufus Salas
112,Kimbery Patterson,Johnnie Alston,Librada Ramos
113,Brenton Cook,Randolph Maldonado,Thao Roberts
114,Eddy Leon,Consuela Hill,Oda Randolph
115,Annett Jones,Else Keith,Wen Wynn
116,Verlie Blanchard,Britt Stone,Chassidy Hebert
117,Chuck Lamb,Elsy Ford,Tyrone Campbell
118,Darryl Roberson,Odis Osborne,Raphael Gross
119,Antony Lawrence,Herma Bass,Mariette Clemons
120,Karoline Roy,Guy Willis,Karyl Valentine
121,Janae Maynard,Doug Jacobson,Jesusa Waters
122,Cornell Howard,Yevette Stevenson,Darius Johns
123,Verline Sampson,Archie Brown,Kristle Sampson
124,Huey Hale,Deon Wilkins,Pauletta Chan
125,Everette Davis,Joaquin Mack,Bryant Cooke
126,Kina Hood,Codi Buck,Sheldon Schwartz
127,Tyler Schmidt,Karyl Nixon,Shirl Potts
128,Georgetta Norris,Candra Osborne,Alvaro Manning
129,Lael Blevins,Floretta Marquez,Idell Harvey
130,Tamiko Guerra,Jody Fleming,Jesus Sanchez
131,Yelena Bentley,Ermelinda Stark,Calandra Dillon
132,Olen Boyle,Monnie Sosa,Levi Madden
133,Jarrod Key,Bernetta Noble,Rickey Mcleod
134,Sol Chambers,Luna Saunders,Joselyn Butler
135,Connie Jimenez,Marchelle Bailey,Felipe Rogers
136,Lovella Spence,Dirk Sweet,Moises Macdonald
137,Floyd Solomon,Jerrod Dawson,Ta Randolph
138,Margarito Frederick,Clair Patton,Rudy Allison
139,Hyun Mccall,Yi Mcclure,Maisie Wright
140,Antoine Hendrix,Linh Patrick,Leon Williams
141,Nathaniel Fernandez,Maryln Mckinney,Randall Jensen
142,Andres Beard,Edmond Huffman,Les Frye
143,Margart Larson,Royce Stokes,Mckinley Diaz
144,Kandace Bowen,Jamey Keller,Divina Bauer
145,Refugio Beasley,Trinidad Mayo,Whitney Mcclure
146,Jim Guerrero,Angelena Mckenzie,Shayne Moon
147,Milo Sweet,Frederica Faulkner,Fermin Battle
148,Bree Sparks,Julietta Phillips,Alphonso Compton
149,Ali Knox,Clifford Mckay,Olin Mendoza
150,Amira Levine,Kasie Ferrell,Renda Gray
151,Ela Washington,Eliana Lynn,Tajuana Schroeder
152,Karry Schmidt,Shaquita Winters,Soo Randolph
153,Angle Benjamin,Laveta Deleon,Kazuko Cannon
154,Elvis Shields,Philip Cortez,Miquel Chan
155,Mozell Bates,Clorinda Norris,Louis Delaney
156,Inger Yates,Toney Slater,Wei Mcdaniel
157,Arlinda Kelley,Merlene Mclaughlin,Shawn Cline
158,Jackqueline Le,Tim Richards,Neil Rosario
159,Ewa Walls,Luigi Delacruz,Kaycee Russo
160,Wilton Gay,Jerrold Sharp,Hipolito Roach
161,Leonida Cote,Rana Vincent,Gilbert Mendoza
162,Brunilda Barber,Elias Levine,Nikia Kennedy
163,Harris Cole,Grover Crawford,Rickie Hawkins
164,Chery Leblanc,Jackeline Cooke,Romana Hale
165,Floretta Kerr,Jerrold Lawson,Darrel Lane
166,Meda Fields,Ileen Hutchinson,Shad O'neil
167,Regine Gonzalez,Joesph Wolfe,Clement Osborne
168,Coy Bowers,Joye Mcconnell,Tereasa Hodge
169,Efrain Anthony,Idell Robinson,Foster Lowery
170,Cordie Holloway,Leeanna Lynch,Sergio Giles
171,Ed Carr,Rueben Vincent,Kandis Sanders
172,Mariel Potter,Danyel Finch,Shila Cooley
173,Dan Gould,Mireille Abbott,Alphonso Sweeney
174,Cary Moreno,Mac Cooke,Damion Bass
175,Louie Mccarty,Kandra Mccray,Youlanda Floyd
176,Leonardo Kim,Demetrice Dixon,Ellena Forbes
177,Ivelisse Lynch,Linn Sims,Wilton Levy
178,Marlon Ballard,Calista Robinson,Manuel Knight
179,Anneliese Stewart,Janay Blair,Samuel Stephenson
180,Narcisa Jones,Jolyn Glover,Berry Diaz
181,Lauren Harris,Travis Ferguson,Elza Kline
182,Bennie Buckner,Johnsie Chang,Rosario Nichols
183,Particia Williamson,Alica Patton,Alix Henderson
184,Eustolia Day,Jeremiah Flynn,Lacresha Booth
185,Guy Kirkland,Marica Brock,Allegra Grimes
186,Iraida Mcclure,Toccara Hardin,Gilma Jimenez
187,Tawna Bell,Jeremy Knapp,Jamaal Fry
188,Genevie Buckley,Wayne Luna,Becki Douglas
189,Tyson Hayes,Buffy O'brien,Lillia Stout
190,Enrique May,Geraldo Miranda,Emely Monroe
191,Doloris Garcia,Hedy Martin,Glayds Stevens
192,Travis Estes,Ricky O'brien,Basil Holden
193,Emelia Griffin,Deon Witt,Lachelle Landry
194,Lenny Mcdaniel,Dee Bowers,Sonny Campos
195,Glinda Stokes,Amira Horton,Jeffery Daniel
196,Brant Summers,Cesar Mcmillan,Shandi Flynn
197,Mistie Francis,Janyce Jennings,Mitsuko Cote
198,Micheal Dennis,Jadwiga Small,Domenica Rivera
199,Raul Garner,Milford Houston,Werner Ball
200,Leslie Morrison,Lucien Tyler,Wilton Dennis
201,Jamie Schmidt,Hyo Tate,Tandra Bowen
202,Hugo Russell,Maira Poole,Kurt Mercado
203,Kymberly Sexton,Dorian Everett,Toby Kirkland
204,Hipolito Morrow,Junior Nixon,Dell Schmidt
205,Tommye Rodriguez,Josefine Mcdowell,Michal Rodgers
206,Courtney Booth,Louis Sherman,Leif Graham
207,Napoleon Velez,Jeanene Dillard,Lindsay Ramos
208,Sau Kerr,Arturo Witt,Major Forbes
209,Lonnie Lyons,Pierre Reid,Laree Slater
210,Enrique Baird,Thu Rodriquez,Charlie Blevins
211,Trinidad Mcgee,Bernardine Robbins,Karey Mcdaniel
212,Derrick Cobb,Jared Stanton,Perry Lindsay
213,Ronnie Murphy,Randy Stanton,Blair Conrad
214,Al Marks,Garret Baird,Dick Alston
215,Tai Alvarado,Dannie Rodriquez,Chuck Oliver
216,Macie Newman,Belkis Molina,Yung Gibson
217,Krysta Vazquez,Kassie Haney,Johna Hamilton
218,Myron Guthrie,Vanetta Sharpe,Sunday Melton
219,Gerald Randall,Oneida Owens,Phebe Walls
220,Deloise West,Oscar Castillo,Morgan Robles
221,Quinton Noble,Ellsworth Gallegos,Jamel Campos
222,Miki Jenkins,Wanetta Vinson,Elvis Fleming
223,Daryl Ross,Tyson O'neill,Tyree Lawson
224,Andera Haley,Salome Carey,Willard Fox
225,Perry Hodge,Clark Schroeder,Katlyn Evans
226,Lester Brewer,Kary Ellis,Shona Graham
227,Aldo Case,Isaura Saunders,Shirley Stuart
228,Jeanelle Daugherty,See Wise,Waltraud Sosa
229,Markita Mathis,Jackie Hensley,Weldon Vinson
230,Osvaldo Quinn,Agnus O'donnell,Gertude Farley
231,Martin Hubbard,Tifany Gay,Trevor Wilcox
232,Roscoe Shannon,Margy Savage,Josphine Rowland
233,Elvin Moore,Gerardo Fernandez,Sammie Salas
234,Dale Gillespie,Ethan Trevino,Bobbie Diaz
235,Byron Ford,Maris Mckay,Carletta Stuart
236,Thao Ford,Andrew Witt,Jani Carpenter
237,Percy Cooper,Lenard Hamilton,Tenesha Baldwin
238,Sacha Burnett,Sam Thomas,Erin Ryan
239,Gianna Clemons,Dwight Fowler,Marlon Black
240,Edmund Walton,Hyman Lynn,Carlton Dunlap
241,Trinidad Osborn,Lynetta Ashley,Michal Fuentes
242,Lyndia Davenport,Booker Wilcox,Milton Hanson
243,Tad Kirby,Cruz Thompson,Nathaniel Nicholson
244,Steffanie Smith,Zachariah Lamb,Winfred Strong
245,Miguel Goodwin,Candra Santos,Jay Saunders
246,Tanner Armstrong,Danilo Sandoval,Shirley Hodge
247,Delbert Rose,Bernardo Moran,Moriah Strong
248,Pei Heath,Lindsy Goff,Boyce Roberts
249,Maegan Landry,Davis Daniels,Maxwell Coffey
250,Colby Smith,Ariel Lane,Matthew Cameron
251,Walton Marshall,Ricky Reeves,Shon Chaney
252,Iluminada Combs,Berenice Wynn,Javier Fields
253,Michel Chang,Emelia Valenzuela,Kareem Bishop
254,Daphine Hansen,Charlott Pennington,Becki Montoya
255,Jason Hall,Aaron Porter,Yuriko Stephenson
256,Pat Hebert,Salley Burks,Connie Davenport
257,Terrilyn Walker,Jake Clark,Shawana Lopez
258,Mike Gay,Gary Roberson,Irving Good
259,Gertude Puckett,Alaine Brennan,Bernardina Rich
260,Filiberto Mccray,Wendie Reid,Treasa Reese
261,Loriann Small,Armandina Valencia,Sena Whitehead
262,Hilaria Odom,Frank Garner,Fredda Summers
263,Amiee Hall,Marcos Juarez,Cristopher Webb
264,Caprice Cleveland,Tatyana Herring,Micah Ryan
265,Deedra Pittman,Denver Matthews,Shayne Padilla
266,Gigi William,Harry Byrd,Alane Crosby
267,Julio Bowers,Danyel Campbell,Rossana Brady
268,Lilla Mcbride,Harvey Decker,Valentine Walter
269,Waldo Carson,Alise Tillman,Jackie Parsons
270,Sook Daugherty,Kiley Reeves,Damon Humphrey
271,Dustin Ferguson,Emelda Dennis,Raymundo Ruiz
272,Angel Stone,Sixta Christensen,Dane Salas
273,Tonita Cameron,Arnulfo Cantu,Hans Cohen
274,Nubia Rosales,Phil Harding,Theron Mueller
275,Carlo Ferguson,Ignacia Owens,Nenita Case
276,Gordon Brown,Hosea Webb,Morris Barron
277,Charlyn Compton,Nikole Sheppard,Edwardo Ball
278,Micheal Dickson,Guy Morrison,Whitney Vance
279,Bennett Houston,Casie Ortiz,Javier Nash
280,Brice Drake,Hiram Kirby,Joslyn Bullock
281,Allan Estrada,Vanna Henderson,Charley Rivera
282,Hassan Pate,Glenn May,Alfonso Reed
283,Lawana Key,Temika Aguilar,Margarite Coffey
284,Dudley Sanford,Stanley Farmer,Karl Barry
285,Melda Mcleod,Erminia Pollard,Dannielle Horton
286,Leana Dunn,Tasia Moran,Hayden Dalton
287,Mathilda Harrison,Antwan Woodard,Dewayne Hays
288,Benjamin Meyer,Lloyd Richmond,Jolie Carlson
289,Cheryll Burks,Shakia Hancock,Britt Guerra
290,Shanti Moore,Alva Sullivan,Luetta Colon
291,Marquis Puckett,Hilaria Fitzgerald,Wilfred Heath
292,Kendrick Duran,Fairy Simmons,See Moss
293,Sheldon Harrell,Lavone Wong,Dick Lawrence
294,China Frazier,Jong Dodson,Tennie David
295,Huong Jenkins,Toi Knight,Colin Lane
296,Rachal Dixon,Cassi Moses,Talitha Ellison
297,Wan Olson,Andreas Ayala,Arlen Dominguez
298,Shaunda Hodge,Jenine Farmer,Dion Lawrence
299,Kymberly Lindsay,Walker Mccray,Deandra Garrett
300,Leisha Bean,Antwan Duncan,Zane Case
301,Sunday Vinson,Darell Harrell,Willian Bowers
302,Madelaine Maxwell,Carmon Joyce,Jamaal Carey
303,Brandon Sharp,Scottie Fulton,Merrill Talley
304,Ali Vega,Arnoldo Brennan,Brady Hardin
305,Louie Maxwell,Jene Robertson,Marco Ferrell
306,Signe Levy,Norbert Craig,Minh Sweet
307,Chadwick Kennedy,Jeffry Berg,Landon Snider
308,Jimmy Rich,Lavonia Mullen,Daniel Francis
309,Daniele Vincent,Joella Jenkins,Phebe Carney
310,Hildred Phelps,Elodia Cherry,Mireille Hickman
311,Alec Battle,Sachiko Rodriguez,Sheldon Gonzales
312,My Collier,Mike Boyle,Jamey Richardson
313,Tanner Washington,Alline Oliver,Carey Mccarthy
314,Tianna Curry,Annalee Macdonald,Clair Vazquez
315,Bo Douglas,Ned Winters,Kellye Dudley
316,Nakesha Pace,Donnette Prince,Stuart Henderson
317,Carry Dixon,Loyd Short,Jeremy Noble
318,Alline Elliott,Nathan Blair,Carry Leon
319,Lenard Peters,Dwight Berger,Dewitt Thornton
320,Tegan Lee,Gus Curtis,Darryl Wagner
321,Yuk Mercado,Ulysses Smith,Val Norman
322,Rene Richmond,Courtney Berry,Lyman Gentry
323,Patrick Espinoza,Holley Swanson,Violette Hubbard
324,Rocky Reed,Aron Kirkland,Jovan Justice
325,Jack Velazquez,Yasmine Head,Alex Stevenson
326,Bell Stanton,Alfred Fox,Coralie Cain
327,Adriene Vega,Eloy Tate,Zada Brady
328,Lisha Trevino,Jacinto Bartlett,Gertude Hopkins
329,Brad Mckinney,Normand Sears,Lurline Dalton
330,Jon Lucas,Armando Ryan,Ludivina Jarvis
331,Jacki Scott,Dennise Knight,Bill Moore
332,Tod Mccall,Jacquiline Fry,Ermelinda Wynn
333,Mozella Keller,Jessie Holder,Ardell Bartlett
334,Angelena Mullen,Arden Glenn,Lane Alvarado
335,Buford Henson,Lenny Dotson,Harry Fleming
336,Flo Mooney,Zita Head,Clay James
337,Jonathon Blanchard,Lavern Cotton,Walter Petersen
338,Maegan Moody,Hee Nieves,Valeri Stout
339,Sana Reyes,Byron Burris,Tobi Preston
340,Stacey Holden,Blaine Shields,Ignacio Gibbs
341,Tyson Bradford,Reanna Swanson,Edmundo Rosario
342,Jay Barron,Adrian Burch,Darnell Gentry
343,Edmund Herman,Weston Cardenas,German Knight
344,Roselia Haynes,Joella Robles,Arron Morrow
345,Jae Livingston,Johnie Robles,Miguel Hardin
346,Harland Simmons,Grant Pennington,Lacy Kent
347,Lamont Gilliam,Marshall Matthews,Tristan Flowers
348,Lacy Pennington,Drew Dotson,Lera Kaufman
349,Mose Phillips,Wayne Carlson,Ailene Hendrix
350,Conchita Sandoval,Janean Vasquez,Elvis Donaldson
351,Rodney Cameron,Stacy Vega,Dorotha Luna
352,Hannelore Franklin,Jeni Marquez,Jina Baxter
353,Mitsuko Barnes,Ryann Christian,Violette Ortiz
354,Brandon Roach,Fredric Beach,Dan Brady
355,Chase Wolf,Rana Medina,Kasi Weaver
356,Hye Humphrey,Antone Sears,Vernia Gamble
357,Leighann Walton,Bev Mclaughlin,Jimmie Gallagher
358,Sharen Villarreal,Nickolas Cotton,Norbert Wolfe
359,Carmelia Quinn,Carlena Travis,Misha Stevens
360,Bobbie Miranda,Wes Taylor,Tari Bartlett
361,Houston Dillon,Jarrod Warner,Aurelio Williamson
362,Yan Cobb,Domingo Todd,Dallas Todd
363,Alane Bowman,Tiesha Cameron,Virgilio Buckley
364,Latrina Deleon,Demetrius Dillon,Benito Pope
365,Suk Powers,Malorie Prince,Noe Graham
366,Tona Crosby,Elijah Melendez,Son Randall
367,Rocco Galloway,Reinaldo Vaughan,Breann Vinson
368,Hyo Floyd,Myesha Copeland,Emery Little
369,Dudley Cash,Madie Marsh,Fairy Herrera
370,Yuko Norman,Pasty Kinney,Dale Miranda
371,Dorotha Beach,Reita Garrett,Luana Collins
372,Stewart Mosley,Gabriel Ramirez,Arnita Miles
373,Fernanda Martin,Drew Wolf,Norberto Glass
374,Steve Harmon,Shirley Harmon,Ai Stokes
375,Crysta Larson,Gregorio Boone,Shani Glenn
376,Leoma Wolf,Tomas Bush,Mickie Phillips
377,Lino Atkins,Camila Powell,Kelly Blanchard
378,Jake Osborne,Felicidad Allen,Lyla Hickman
379,Alton Phelps,Zachary Pennington,Lourie Robbins
380,Laticia Cochran,Lavona Ballard,Sammy Lancaster
381,Adalberto Mccray,Giuseppina Benton,Dino Wright
382,Gricelda Poole,Leonel Mann,Loris Contreras
383,Shaun Carroll,Erick Shepherd,Reed Crane
384,Thomas Wiley,Warren Gutierrez,Armand Valentine
385,Angelika Russo,Peter Pickett,Vance Pacheco
386,Freddie Figueroa,Giovanni Estes,Broderick Weaver
387,Arnita Mccormick,Raleigh Kelley,Dee Nieves
388,Bibi Greene,Esta Fowler,Justin Cooke
389,Waneta Solis,Tova Heath,Kasha Mcintyre
390,Torri Goff,Sammie Jennings,Tiesha Weiss
391,Hipolito Pope,Alejandrina Cobb,Grover Owens
392,Brad Durham,Justin Baird,Glen Freeman
393,Howard Potter,Layla Dejesus,Weldon Slater
394,Garfield Hill,Ira Griffith,Shala Warner
395,Lady Snider,Regine Montoya,Reinaldo Valencia
396,Leslie Levy,Patience Freeman,Rubin Bartlett
397,Anibal Huffman,Hunter Stewart,Hunter Kirkland
398,Jayson Soto,Arthur Rowe,Naoma Sykes
399,Jerrold Kim,Zachary Wolfe,Elane Trevino
400,Elden Dickerson,Tobias Owen,Kena Gutierrez
401,Stacy Espinoza,Yang Pace,Duncan Goodman
402,Micki Henderson,Jerrod Woodard,Toby Hobbs
403,Eugenio Lee,Isa Browning,Shyla Payne
404,Frances Dennis,Pasquale Payne,Khadijah Green
405,Keneth Gibbs,Shaunda David,Henry Pope
406,Renaldo Gross,Tynisha Moss,Joye Pace
407,Conception Flores,Lenny Bray,Na Welch
408,Coralie Crosby,Tora Mccray,Dennis Trujillo
409,Beatris Hansen,Willie Delacruz,Min Willis
410,Jackie Klein,Jenice Harrell,Kathline Padilla
411,Troy Garner,Ryan Reese,Bradley Lawson
412,Maia Boyd,Roberto Glenn,Erasmo Preston
413,Ricki Mcdonald,Sergio Petty,Laticia Gomez
414,Sharyl Tillman,Jamar Hinton,Charmain Macdonald
415,Desire Richardson,Josiah Lawson,Zulma Morrow
416,Lon Cameron,Buck Bentley,Christinia English
417,Roy Bean,Wanetta Cameron,Norberto Lancaster
418,Samuel Daniel,Toney Woods,Jewell Lyons
419,Cedrick Farrell,Alla Atkinson,Marshall Lamb
420,Kai Ruiz,Rico Alston,Luanna Lawson
421,Luana Carlson,Shayne Whitney,Samella Owen
422,Austin Patton,Jaleesa Long,Janett Stokes
423,Elliott Skinner,Cherryl Williamson,Hassan O'brien
424,Hyo Daniel,Mckinley Webb,Xavier Atkinson
425,Chung Diaz,Monroe Burt,Rocky Steele
426,Andrew Gallegos,Manual Barber,Berenice Woodard
427,Doria Vincent,Sheldon Wagner,Carletta Joseph
428,Dean Madden,Fidela Prince,Albertina Navarro
429,Kandra Douglas,Drew Sweeney,Branden Ramirez
430,Grady Burgess,Lili Pennington,Jarvis Robertson
431,Classie Vaughan,Letisha Mclaughlin,Fleta Potter
432,Rudy Rivas,Winfred Kemp,Jerrica Page
433,Marica Rivers,German Humphrey,Wilbert Kerr
434,Ron Maldonado,Laurence Lloyd,Dreama Hayes
435,Johnsie Burt,Isreal Allison,Loreta Carey
436,Jona Holt,Jamison Harrington,Aaron Forbes
437,Teddy Hudson,Fidela Jefferson,Sunday Welch
438,Donovan Leon,Darius Whitley,Sammy Grimes
439,Ardelia Castillo,Danyelle Ray,Stefania Reilly
440,Jamar Cleveland,Burt Murphy,Lisabeth Hartman
441,Felipe Bender,Anibal English,Hung Martin
442,Katheleen Dalton,Emiko Hurst,Diego Booker
443,Giovanni Giles,Reyes Waters,Lavenia Stephens
444,Faustino Nolan,Annis Casey,Lizzette Boyd
445,Pasquale Young,Carol Fuller,Luanna Stephenson
446,Bennie Stevenson,Daniele Petersen,Nigel Ruiz
447,Shelby Briggs,Paulita Cantrell,Tennille Hayden
448,Natashia Knowles,Orval Pugh,Eugenio Rowland
449,Bradford Sheppard,Darin Doyle,Moshe Pearson
450,Gayle Daniels,Arron Clements,Janita Hayden
451,Wilson Joyner,Hilton Jacobson,Thomasena Galloway
452,Lanny Dillard,Byron Kidd,Rodolfo Kline
453,Len Nelson,Von Rivera,Mickie Elliott
454,Thora Mooney,Will Bolton,Leopoldo Waters
455,Gail Dudley,Neoma Walsh,Kelley Velazquez
456,Dionna Miller,Leonie Ball,Theron Dunlap
457,Mike Lewis,Dodie Joseph,Sunday Silva
458,Chas Chen,Joel Rocha,Christinia Hart
459,Kevin Huber,Genny Simpson,Leeanne Kaufman
460,Brent Burke,Grant Turner,Theodore Ross
461,Jonell Rosa,Rusty Alford,Elanor Valenzuela
462,Malcom O'neal,Dia Wilkinson,Cordell York
463,Vicente Ryan,Taneka Potter,Stewart Anderson
464,Erin Mccarthy,Khalilah Bryan,Shavon French
465,Deloise Finley,Marcel Logan,Salvatore Paul
466,Etsuko Levine,Pamula Flores,Jaleesa Grant
467,Victor Sosa,Reyes Scott,Sumiko Finch
468,Lyla Walters,Dominick Wilkerson,Shaunda Mccarthy
469,Eddy Rich,Miguel Hurley,Delcie Burgess
470,Nia Yates,Deshawn Hutchinson,Buffy Sullivan
471,Lauran Matthews,Lanelle Hernandez,Frankie Hurst
472,Cristobal Livingston,Michiko Mays,Odelia Kelly
473,Jodee Bradshaw,Elisha Cortez,Juan Newton
474,Marcel Castaneda,Elisha Suarez,Russ Dudley
475,Matthew Ballard,Sharita Calhoun,Jamey Green
476,Josue Carroll,Rusty Weiss,Marshall Hancock
477,King Riddle,Marylyn Diaz,Jama Gilliam
478,Serina Mills,Grant Alston,Hubert Mccarthy
479,Adolfo Hancock,Long Miller,Dalton Wilder
480,Lonna Perry,Kirby Harris,Hector Hunt
481,Rusty Rush,Livia Knapp,Bev Larson
482,Aiko Townsend,Dusty Noel,Gaston Carr
483,Karma Davidson,Fernanda Porter,Chieko Berger
484,Darrin Farley,Freddie Pittman,Dacia Talley
485,Tameika Hansen,Maurita Gay,Karima Douglas
486,Neta Gates,Dusty May,Ronny Espinoza
487,Tandra Barrera,Lacresha Bradshaw,Sima Dyer
488,Brett Garza,Carita Hardin,Colene Britt
489,Jamie Finley,Claretha Jacobs,Nestor Mcleod
490,Theodore Acevedo,Fredda Lowe,Kera Blankenship
491,Joan Washington,Markus Paul,Ellsworth Hunter
492,Alethea Barnes,Blaine Hensley,Werner Patton
493,Sydney Velez,Edelmira Pennington,Hal Fletcher
494,Cathern Yates,Mardell Huffman,Sharolyn Schneider
495,Harold Gamble,Nick Hurst,Vanesa Lane
496,Jona Singleton,Scarlet Ewing,Kassie Mcguire
497,Sanford Martin,Kiyoko Waller,Buford Holt
498,Reatha Hogan,Romeo Sears,Thanh Padilla
499,Hassan Rogers,Florentino Wiley,Porfirio Gaines
500,Ethyl Stein,Margaretta Dean,Malika Rojas
501,Harold Pruitt,Sanford Le,Alfredo Ochoa
502,Marlana Mcfarland,Kasey Buckley,Fidelia Ball
503,Calvin Wilder,Lester Pierce,Marcos Hines
504,Mica Joyner,Clotilde Phillips,Isaias Rich
505,Danille Sweeney,Lewis Wilcox,Laronda Howard
506,Timika Mcguire,Golden Perez,Jim Sanchez
507,Maire Kramer,Thomasine Woodward,Gaylord Vincent
508,Orville Stein,Domitila Horne,Yvone Powers
509,Tashia Ortiz,Joe Glover,Landon Rosario
510,Angeles Fisher,Otha Blair,Edra Newman
511,Sparkle Brock,Jerold Parker,Lorina Webster
512,Stuart Norton,Rueben Mathews,Lashaunda Velazquez
513,Arlyne Campbell,Kenyetta Stafford,Carlton Elliott
514,Jarvis Whitehead,Wilmer Small,Brett Pickett
515,Ardelia Calhoun,Chantell Yang,Lonna Hanson
516,Riley Walls,Cornelius Morse,Minh Bowman
517,Hiedi Strong,Cedric Melton,Latia Knowles
518,Moriah Delaney,Loren Wooten,Reid Oliver
519,Armand Barrera,Abel Rivas,Miguel Porter
520,Jeanice Reilly,Jean Ryan,Floretta Beard
521,Darcel Merrill,Lourie Waller,Isiah Valenzuela
522,Hilario Nguyen,Amee Barlow,Hugh Hanson
523,Archie Jones,Blossom Preston,Marinda Clayton
524,Genie Todd,Catherin Hall,Rochell Frederick
525,Francesco Patton,Odilia Riley,Dominick Whitley
526,Gregg Guy,Dahlia Ruiz,Debbi Walters
527,Trinidad Pena,Hilton Peterson,Anton Marquez
528,Myung Weeks,Cristopher Mosley,Hiedi Cole
529,Kenny Dalton,Sharice Merrill,Donetta Cooke
530,Amira Bowman,Janita Rosario,Timmy Vinson
531,Dean Dorsey,Matthew Cochran,Daryl Paul
532,Ali Morse,Divina Flowers,Eric Sellers
533,Kathern Neal,Carie Lyons,Oren Conway
534,Rochell Hodge,Steve Parrish,Lowell Bass
535,Tyesha Porter,Theola Barrera,Franklin Mccoy
536,Eleonora Robbins,Allena Cameron,Frankie Henson
537,Loni Henderson,Kacy Holland,Hilton George
538,Iesha Doyle,Marilu Pearson,Clarita Mckee
539,Apryl Lawson,Rey Savage,Ardath Livingston
540,King Wilkerson,Chasidy Horn,Marcellus Whitney
541,Bobby Farrell,Valentine Hart,Howard Shannon
542,Eddy Lewis,Delcie Dorsey,Ali Shepard
543,Ray Alston,Kristel Wilkerson,Wayne Pollard
544,Margy Mullen,Wilfredo Blankenship,Yuki Slater
545,Tawny Rogers,Chong Gilliam,Becki Mcpherson
546,Roland Atkinson,Sterling Richardson,Page Hunter
547,Willie Saunders,Marhta Velez,Krysta Rogers
548,Corliss Wheeler,Kory Mccarty,Sandie Duke
549,Jaime Finley,Travis Ashley,Charley Harvey
550,Willard Solomon,Lekisha Cruz,Bok Simon
551,Tifany O'brien,Carmelo Dodson,Derick Martinez
552,Jose Fleming,Lino Harrington,Chan Castro
553,Rivka Garrison,Murray Pugh,Brett Smith
554,Clifton Kim,Elijah Barnes,Thanh Sandoval
555,Palmer Bowers,Woodrow Dean,Alphonso Phillips
556,Margaretta Anderson,Leeanna Franks,Reggie Rosales
557,Aracelis Graves,Freddy Ingram,Jay Woodward
558,Donn Hahn,Vern Edwards,Barney Buchanan
559,Tiera Shaffer,August Moon,Seth Boyd
560,Lashay Anderson,Hee Roberts,Natashia Spears
561,Warren Glass,Coleman Reid,Agnus Roth
562,Damien Vaughan,Casimira Reese,Despina Ballard
563,Annice Blevins,Laurence Davidson,Dawne Forbes
564,Sol Cherry,Lisha Fuentes,Barrie Hoffman
565,Shon Schultz,Domenica Pierce,Shaniqua Gilbert
566,Leandro French,Remedios Frost,Carline Nolan
567,Jarvis Craig,Camila Marsh,Jeneva Curtis
568,Brendon Charles,Jeffry Hunt,Brande Wong
569,Frida Bray,Devon Rivera,Katlyn Campbell
570,Barabara Bass,Vania Hernandez,Harold Flynn
571,Ailene Waller,Chanell Ward,Kimberlie Dominguez
572,Marquis Lynch,Laronda Bright,Svetlana Flowers
573,Shiloh Anthony,Floyd Guzman,Sulema Shaw
574,Arlen Bird,Orlando Garcia,Theodore Middleton
575,Geraldo Hahn,Jayson Murray,Ashli Mercado
576,Titus Larson,Tran Peck,Claud Little
577,Tracey Mills,Brice Morris,Gordon Larsen
578,Shirleen Nguyen,Tory Barrera,Elsy Mccarty
579,Armanda Banks,Berry Saunders,Buena Snyder
580,Efren Phelps,Shawnna Whitfield,Vance Garza
581,Sammie Wiggins,Inger Frazier,Nicholas Simmons
582,Soo Bentley,Hubert Frost,Larita Shaffer
583,Arie Tran,Shawanda Mcdaniel,Stacee Lawson
584,Brooks Barrera,Kirk Chandler,Hector Ashley
585,Isis Carver,Maia Santos,Refugio Stevenson
586,Lang Sykes,Ulrike Sharpe,Jacob Terry
587,Derrick Farley,Marcelino Floyd,Britt Gilmore
588,Errol Baxter,Bee Valenzuela,Jarrod Cardenas
589,Danille Curry,Miles Reyes,Jame Taylor
590,Ernie Alford,Dong Pickett,Shanti Finley
591,Randolph Jenkins,Alberto Avery,Ricarda O'neal
592,Tommy Morrison,Jermaine Schmidt,Elisabeth Hicks
593,Stormy White,Hyun Hester,Karyl Wilkinson
594,Flavia Finch,Jonelle English,Jadwiga Bruce
595,Boyd Blair,Brad Jenkins,Sung Rich
596,Yuki Pate,Vincenza Battle,Martin Decker
597,Chuck Adkins,Ethelene Montgomery,Denisha Navarro
598,Anastacia Rivera,Collin Buckner,Edwardo Molina
599,Len Hayes,George Knight,Sammy Rich
600,Dodie Best,Annika Walter,Stevie Mcdaniel
601,Lorenzo Curtis,Leonida Little,Kym Kirk
602,Apolonia Alston,Doug Pope,Candyce Fulton
603,Charise Cervantes,Percy Rowland,Sherley Mclaughlin
604,Man Acevedo,Galen Nixon,Farah Glass
605,Neida Sandoval,Daron Barron,Parker Saunders
606,Dillon Ellis,Shaun Conley,Laure Lynch
607,Frederic Wright,Maisie Santana,Jake Blair
608,Amiee Dawson,Hiram Bullock,Arla Kirby
609,Jaimee Chambers,Omar Foreman,Jerica Morse
610,Luis Finch,Harry Steele,Louvenia Montgomery
611,Val Mccullough,Sha Duffy,Zofia Green
612,Robt Delacruz,Gregory Strong,Adam Patel
613,Monserrate Meadows,Bunny Vasquez,Fletcher Williams
614,Shannon Villarreal,Joaquin Burris,Cary Osborn
615,Jacinda Owens,Mellie Lawson,Micheal O'donnell
616,Dulcie Goff,Joannie White,Deeann Reeves
617,Tony Foreman,Maia Buckley,Leroy William
618,Don Gaines,Zenia Evans,Ruthanne Pugh
619,Ronnie Knapp,Micah Mcintyre,Jackie Vasquez
620,Gordon Meadows,Kacie Patterson,Augustus Good
621,Shaunna Huff,Guy Heath,Luther Rodriguez
622,Abraham Weiss,Clemente Bell,Caroyln Moreno
623,Dario Caldwell,Berna Davidson,Rueben Strickland
624,Barry Harrell,Kiera Horton,Thersa Workman
625,Kelsi Blackburn,Sharee Brewer,Elroy Hernandez
626,Gregory Whitaker,Kraig Walls,Collin Delgado
627,Marya Cote,Randee Zimmerman,Lakenya Ryan
628,Valentin Ortega,Charlie Rollins,Yuk England
629,Romeo Casey,Julian Gutierrez,Jose Levine
630,Wilburn Craig,Stephnie Wong,Jonathan Mcleod
631,Tandra Lindsay,Kermit Alford,Minh Daniel
632,Shemika Hawkins,Clint Coffey,Doyle David
633,Voncile Riggs,Tyler Raymond,Dino Gibson
634,Fritz Salas,Laurine Mcfarland,Olin Holmes
635,Dalton Beard,Prince Meyer,Casimira Gonzales
636,Noah Garcia,Shavon Thompson,Chanell Newman
637,Sol Harvey,Tom Hess,Yuonne Sawyer
638,Loren Todd,Antione Reilly,Garland Woodward
639,Moon Hinton,Major Schneider,Guadalupe Wilder
640,Michaele Baldwin,Trinidad Nicholson,Sherman Sherman
641,Lore Castro,Mendy Saunders,Pok Butler
642,Janeth Davidson,Cyril Wheeler,Branda Riggs
643,Stefany Sims,Delmer Lynn,Karmen Moody
644,Stanley Green,Christoper Blankenship,Edmund Burgess
645,Lionel Frost,Burt Cline,Clarence Stuart
646,Woodrow Moreno,Tegan O'brien,Julius Hudson
647,Ria Holloway,Brandon Humphrey,Alan Mcfarland
648,Edison Whitney,Francesco Fisher,Wyatt Casey
649,Jewell Cline,Yuki Barrera,Andree Sweet
650,Abe Estrada,Jefferey Perez,Launa Bryan
651,Iesha Blankenship,Melynda Lewis,Gustavo Bryant
652,Dean Hayes,Hannelore Hinton,Carisa Kaufman
653,Lynell Barrett,Ned Mcintyre,Logan Guerra
654,Frederic Soto,Marketta Hays,Seymour Holder
655,Julieann Vang,Barbera Lewis,Columbus Melendez
656,Johnnie Pennington,Coy Hooper,Charmain Waller
657,Hyacinth O'brien,Fred Buchanan,Rickie Hampton
658,Ciera Kirk,Markita Gordon,Sang Stewart
659,Morgan Silva,Stacy Macdonald,Luke Andrews
660,Wilbur Lindsay,Ty Alvarez,Royce Charles
661,Chan Mcconnell,Monroe Pratt,Irish Morse
662,Klara Reyes,Laine Newton,Kristopher Salinas
663,Bud Lindsay,Cristobal Sims,Glennis Austin
664,Leland Rocha,Armand Carroll,Rolande Maddox
665,Angelika Cooke,Kacie Velasquez,Lindsey Stokes
666,Librada Torres,Keira Hooper,Dani Morin
667,Dewayne Swanson,Marilou Clarke,Asa Burch
668,Arletta Kinney,Myrtie Alvarez,Zonia Booker
669,Hershel Houston,Sol Shaw,Earlean Newton
670,Jayna Dillon,Ammie Molina,Gilma Norris
671,Flavia Poole,Tiesha Roberson,Elina Aguilar
672,Brenton Bonner,Luana Bruce,Raymundo Hensley
673,Ricki Hull,Shaunda Logan,Chara Hart
674,Carson Hardy,Kareem Simpson,Shirley Burt
675,Merlyn Logan,Aron Stephens,Carlton Whitfield
676,Tommye Lynch,Lee Mayo,Moshe Sharp
677,Brady Webb,Brent Lewis,Graig Garcia
678,Sherwood Dudley,Kallie Jackson,Jutta Hendrix
679,Joel Ray,Kyle Kirkland,Sherlene Madden
680,Cuc Beasley,Debbra Camacho,Ian Bartlett
681,Arnulfo Lindsay,Jonathan Frye,Leonard May
682,Josef Santiago,Jess Roman,Andreas Fisher
683,Angelo Barnes,Faustina Mack,Carli Young
684,Terrell Richard,Angila Arnold,Lael Bradley
685,Tomas Mcintyre,Bruce Conway,Marguerita Mcmillan
686,Yessenia Hammond,Samuel Mooney,Dewey England
687,Jackeline Baxter,Danny Gutierrez,Solange Gaines
688,George Figueroa,Stephen George,Jarrod Joseph
689,Daron Marquez,Isaura Bass,Carlos Adkins
690,Margeret Ward,Teodoro Mcdowell,Marlon Goodman
691,Deetta Roberson,Billie Gordon,Stevie Coffey
692,France Fuller,Erline Chavez,Else Sheppard
693,Edmund Leblanc,Dee Figueroa,Jules Case
694,Kimbra Lamb,Darby Wilkinson,Carson Patterson
695,Alethea Bender,Rufus Lambert,Buford Stevenson
696,Darell Sweeney,Cameron Barton,Gaston Wyatt
697,Joye Kerr,Nubia Lindsay,Edgardo Glover
698,Rey Brennan,Terrilyn Reese,Pamila Norman
699,Joaquina Tucker,Irwin Harper,Woodrow Manning
700,Soraya Evans,Kina Dodson,Patience Hebert
701,Lloyd Harding,Vertie Meadows,Krysten Wood
702,Shelby Bell,Martin Hammond,Tod Gentry
703,Raina Short,Hai Church,Mertie Erickson
704,Cletus Weaver,Christian Mendez,Kenneth Greer
705,Larry Ashley,Landon Pugh,Britteny Baird
706,Eldridge Walton,Charlyn Randolph,Freddy Hopkins
707,Jeramy Rodriquez,Stacey Farrell,Fredricka Elliott
708,Bong Barrera,Gertrudis Cotton,Twanna Adkins
709,Oswaldo Chavez,Collen Clarke,Mariel Hart
710,Jackie Todd,Hunter Brennan,Linn Love
711,Brittaney Peterson,Shery Nixon,Kaycee Vega
712,Leland Tucker,Desire Wilson,Wendolyn Woods
713,Elmo Delaney,Ashli Skinner,Kathaleen Tanner
714,Alan Delacruz,Perry Perkins,Simona Phillips
715,Doloris Gill,Lorean Lang,Rayford Rasmussen
716,Porsha Mendoza,Casimira Willis,Han Delgado
717,Dustin Fernandez,Val Burris,Marquis Stanley
718,Maurice Foreman,Daina Fisher,Hung Blanchard
719,Veronique Hartman,Aron Ford,William Bond
720,Elenora Maddox,Elmer Melton,Stasia Hawkins
721,Fernanda Fuentes,Margarito Mcmahon,Karl English
722,Ayesha Wallace,Thaddeus Herman,Ayana Burch
723,Cleora Farmer,Humberto French,Kayleen Clements
724,Harold Clarke,Tracey Torres,Fernanda Dejesus
725,Adan Frye,Porsche Grimes,Margy Cannon
726,Dulcie Bruce,Naoma Pierce,Isobel Duffy
727,Shavonne Thompson,Kanisha Ortiz,Ian Park
728,Madelene Mosley,Fabian Lopez,Carlita Hobbs
729,Wendie Dillard,Mac Palmer,Felicidad Payne
730,Christena Hopkins,Amina Wagner,Sherwood Slater
731,Karma Vaughn,Khadijah Molina,Shelton Osborn
732,Adam Randolph,Marketta Mckee,Trinh Marshall
733,Sebastian Ochoa,Corey Dale,Nicol Larson
734,Delicia Ayers,Stewart Slater,Amos Mueller
735,Vicente Montoya,Nathan Norris,Cira Benson
736,Cristopher Marks,Ezra Mueller,Pedro Munoz
737,Vanetta Rutledge,Fredrick Sutton,Trinh Young
738,Kym Sellers,Cedric Foley,Kenny Williams
739,Hung Miller,Jamee Barron,Shane Saunders
740,Armandina Pate,Maria Fernandez,So Kirby
741,Wally Kent,Bebe Campos,Niesha Lawrence
742,Cyrus Vasquez,Tijuana Wilson,Scottie Miranda
743,Laci Cain,Sharyl Reed,Tilda Chapman
744,Earl Olson,Maxima Hanson,Yolande Boyle
745,Theron Ramsey,Samuel Watson,Mila Mckee
746,Clora Riggs,Ranae Dejesus,Erwin Rowland
747,Susann Frank,Alexander O'neil,Alane Crosby
748,Devorah Cantrell,Beula Short,Ted Sanders
749,Genevie Finch,Buster Meyers,Sanora Goodman
750,Greg Houston,Augustine Roth,Joline Dejesus
751,Wilhemina Garrison,Randolph Duran,Robbyn Hewitt
752,Ezra Shepard,Ernest English,Russell Watts
753,Deon Sargent,Joshua Gay,Paulita Reeves
754,Jamel May,Noella Sanders,Johnny Robinson
755,Bradford Monroe,Jerald Bernard,Trula Richardson
756,Phebe Moses,Jonathan England,Ralph Reid
757,Sidney Burns,Blaine Decker,Deandrea Hensley
758,Ludie Dawson,Long Williams,Trevor Bond
759,Guillermo Steele,Cary Pittman,Richie Charles
760,Jeanelle Hewitt,Michal Garza,Arvilla Gutierrez
761,Marguerita Beach,Micheal Robles,Monnie Hartman
762,Lamont Gonzalez,Deloise Rios,Stephania Maynard
763,Manda Sykes,Anibal Dorsey,Delcie Berg
764,Anjelica Guzman,Myesha Buckner,Francisco Weeks
765,Clifton David,Bill Horton,Roseline Chen
766,Eddy Morgan,Timothy Mooney,Jessie Combs
767,Lucien Callahan,Alvin Beck,Victor Gallagher
768,Gregorio Bright,Akilah Houston,Marielle Hays
769,Irwin Slater,Rolando Bryan,Delinda Moore
770,Maryetta Grimes,Chere Alford,Sheridan Burgess
771,Darnell Huber,Laticia Merritt,Valentine Alvarado
772,Jermaine Lee,Jaquelyn Raymond,Heath Kidd
773,Aliza Blanchard,Trevor Hendrix,Marx Bush
774,Leonie David,Tasia Stevenson,Kieth Rose
775,Paris Hull,Alisia Barrett,Chau Chan
776,Versie Williamson,Victor Tanner,Michael Brady
777,Rex Baldwin,Melany Strickland,Breann Garza
778,Tarra Cross,Terry Caldwell,Zane Cline
779,Alfonso Wallace,Chet Gilliam,Emory Dickson
780,Oren Battle,Giovanni Shannon,Dierdre Barr
781,Monserrate Lott,Paul Barrera,Yuki Brooks
782,Larita Branch,Celestina Ratliff,Nathanial Langley
783,Yi Bird,Lawrence Serrano,Eduardo Lopez
784,Devin Whitaker,Yan Coffey,Jeffery Harris
785,Jewel Hart,Birgit Stafford,Rudolf Workman
786,Coralee Morris,Fausto Bowen,Waldo Floyd
787,Kizzie Delgado,Chadwick Decker,Jackie Sosa
788,Vena Warren,Pamula Campbell,Tim Valenzuela
789,Tod Cash,Hermine Wooten,Leslie Irwin
790,Norberto Potts,Sung Sutton,Taisha Curtis
791,Russel Roberson,Willow Clements,Darin Mcleod
792,Jamel Hardin,Graham Willis,Clifton Christian
793,Lakeesha Elliott,Darius Garcia,Elin Stuart
794,Izetta Solis,Rubin Whitaker,Alvin Burns
795,Helaine Solomon,Margarite Dotson,Emmitt Cross
796,Lane Ashley,Gale Merritt,Jadwiga Simon
797,Herb O'connor,Alvin Wilcox,Theodore Patel
798,Loyce Ratliff,Sam Scott,Tim O'donnell
799,Santiago Mendez,Maile Hardin,Isela Madden
800,Shirley Rice,Troy Cote,Olen Hancock
801,Jackson Harris,Shaneka Nunez,Boris Atkins
802,Curtis Silva,Quintin Hall,Dreama Lyons
803,Gale Sherman,Tien Mcclure,Napoleon Day
804,Kirby Hall,Alvaro Barnett,Irish Fuentes
805,Jorge Nash,Colton Johns,Elwanda Morris
806,Monroe Casey,Maxima Jennings,Zofia Hart
807,Mitch Mccall,Olympia Silva,Angeles Mcmahon
808,Kathyrn Velasquez,Rodrick Blanchard,Brittanie Ware
809,Daniel Kelly,Shirely Mercado,Stacey Blanchard
810,Renna Mccray,Johnsie Tate,Milo Carter
811,Nathaniel Watson,Mike Le,Darrin Woods
812,Lee Salazar,Ned Burt,Treasa Thomas
813,Luanna Ayala,Edwin Jenkins,Sau Carlson
814,Conrad Lancaster,Nick Mcintyre,Classie Golden
815,Yolande Michael,Jenise Higgins,Lavera Floyd
816,Drucilla Logan,Neville Young,Parthenia Byrd
817,Miles Rush,Jay Buckley,Maisha England
818,Arlie Grimes,Sammie Sandoval,Janeth Fleming
819,Alejandro Warren,Euna Johnson,Ruben Landry
820,Abe Vasquez,Marni Richmond,Erick Becker
821,Alane Medina,Tamesha Gilbert,Olevia Buckner
822,Casimira Rose,Cory Luna,Andrea Ramirez
823,Luciano Torres,Blossom Cantu,Alexander Hernandez
824,Reinaldo Osborn,Emmaline Langley,Alvin Robinson
825,Douglas Banks,Roland Keller,Porter Richardson
826,Darren Mcclain,Erminia Conley,Colin Barrera
827,Markus Steele,Annika Delgado,Dominique Battle
828,Sung Harrell,Tuan Potter,Jose Sutton
829,Merideth Richmond,Tommy Delaney,Earleen Dodson
830,Shira White,Dulcie Clay,Tyree Aguilar
831,Teisha Dennis,Kraig Estes,Eleni Berger
832,Akilah Davenport,Kendall Weaver,Retta Singleton
833,Mariko Rodriguez,Valentine Rodgers,Asley Noel
834,Paris O'neil,Carolyne Roman,Clayton Woods
835,Douglas Christensen,Sharilyn Lawson,Wallace Conway
836,Demetrius Lowery,Alden Ruiz,Delila Perkins
837,Byron Medina,Babette Vincent,Ariel Peters
838,Steven Goodman,Jesusita Cameron,Rozella Dorsey
839,Lynn Alvarez,Pinkie Moon,Stephen Castro
840,Dwana Snow,Margeret Vasquez,Lester Cameron
841,Hildred Chen,Junita Mcclain,Andres Delgado
842,Reed Summers,Michel Ayers,Augustina Lindsey
843,Earnest Evans,Daron Leon,Valentin Grant
844,Kasi Maddox,Catherin Gould,Usha Mcdonald
845,Foster Brown,Jewel Vega,Parker Burt
846,Fidel Pace,Granville Robinson,Quinton Kline
847,Logan Valenzuela,Franklin Parsons,Renato Jensen
848,Stephan Mendoza,Alvin Gilmore,Argentina Delacruz
849,Manual Kidd,Yer Schwartz,Janiece Curry
850,Edwin Larson,Stan Nielsen,Wendie Bright
851,Vania Benjamin,Elenora Harvey,Ja Lloyd
852,Dustin Drake,Maryetta Baker,Clemencia Atkinson
853,Tereasa Patel,Fairy Mcknight,Katelin Carr
854,Mitchell Forbes,Elwanda Mckay,Jon Mullins
855,Peter Fitzpatrick,Deandre Peck,Lewis Cox
856,Kristopher Fletcher,Alise Bush,Dong Fulton
857,Joeann Payne,Thu Nixon,Ernie Goodman
858,Lynsey Herrera,Keiko Thompson,Ula England
859,Julius Flores,Winter Mullins,Hilaria Vance
860,Andrew Mejia,Bryant Swanson,Towanda Joyce
861,Lynwood England,Barbie Lopez,Vivien Tyler
862,Sherice Watkins,Brain Spears,Refugia Lucas
863,Gaylord Simon,Gary Harrell,Magan Simmons
864,Marget Leonard,Rocco Haynes,Marshall Moore
865,Nia Clayton,Cody Copeland,Tommie Estrada
866,Carl Singleton,Colene Charles,Adaline Ball
867,Gregory Cash,Natisha O'neill,Darell Foster
868,Tomoko Thornton,Grover Juarez,Buford Strickland
869,Frances Hendricks,Benton Terry,Chong Osborne
870,Maegan Garrett,Dino Christian,Vallie Pickett
871,Francis Griffith,Nicol Bartlett,Eliseo Hodge
872,Phil O'connor,Johanne Ellison,Orville Day
873,Lesha Alvarado,Lilliana Bush,Berry Patel
874,Sindy Mckee,Camila Johnston,Henry Bean
875,Dawne Santos,Theo Pickett,Willene Stanton
876,James Booth,Johnnie Dejesus,Mariano Lloyd
877,Edgardo Galloway,Mathew Stout,Elton Greene
878,Seymour Aguilar,Gordon Carlson,Jestine Hutchinson
879,Joan O'connor,Eleanora Kelly,Renaldo Hayes
880,Rupert Alford,Cleotilde Cooke,Jacquiline Cain
881,Merle Walker,Carylon Pugh,Robby Baker
882,Deonna Hughes,Marylyn Stokes,Gita Everett
883,Randell Salazar,Bradford Hancock,Beverlee Randall
884,Jenette Frazier,Joe Wooten,Loni Vargas
885,Elwood King,Salley Keller,Frank Bernard
886,Delmar Rocha,Carl Bentley,Mendy Griffin
887,Tad Jacobs,Seymour Goff,Janita Foreman
888,Reiko Logan,Nickolas Shaw,Tamesha Mccall
889,Antone Stanton,Herta Conway,Shella Garrison
890,Cody Kaufman,Shay Harvey,Sam York
891,Bethann Mccoy,Kenia Hull,Earl Morales
892,Blossom Vargas,Alden Mcmahon,Akiko Dawson
893,Saul Stephenson,Roni Collier,Flavia Jimenez
894,Chu Sampson,Lala Cote,Tristan Webb
895,Elina Reed,Lesha Moody,Elton Cervantes
896,Renato Burch,Ghislaine O'neill,Doloris Key
897,Allen Merritt,Daphine Mercado,Chadwick Kaufman
898,Loree Gay,Kiersten Sellers,Brittanie Mckay
899,Carlo Lester,Marco Martin,Hermila Hawkins
900,Hank Sargent,Katheleen Murphy,Margene Dean
901,Dorsey Walton,Angle Vaughn,Farah Cervantes
902,Delmer Hubbard,Brooks Quinn,Rodney Gibbs
903,Lamar Mooney,Angelyn Ortiz,Kaycee Barrera
904,Raphael Kim,Filiberto Spears,Thu Cardenas
905,Patience Knowles,Shon Maddox,Darrel House
906,Bryanna Leon,Dwain Farley,Han Black
907,Laree Nolan,Jayson Callahan,Danny Simpson
908,Darrin Nunez,Lanora Hinton,Elfrieda Doyle
909,Nickolas Patel,Providencia Harding,Candie Decker
910,Rolf Lott,Manuel England,Assunta Guy
911,Marlin Beasley,Britany Aguirre,Vinnie Wise
912,Carlo Guy,Winfred Perez,Julieann Spears
913,Jarrett Cannon,Lon Hawkins,Dirk Morton
914,Tamesha Sargent,Barney Drake,Lucrecia Alexander
915,Genna Gordon,Larraine Whitfield,Lisha Baird
916,Kimi Berg,Lucius Kent,Keitha Whitley
917,Jeromy Haley,Virgilio O'brien,Orval Robinson
918,Leonard Coffey,Luna Reese,Dalene Herman
919,Cecille Hobbs,Kandra Dickson,Marvis Sharpe
920,Rosana Beach,Sanda Dunn,Shyla Walker
921,Ligia Bradshaw,Kai Mueller,Hank Hensley
922,Hiram Juarez,Tamesha Pratt,Lon Cotton
923,Aaron Nelson,Emmy Guthrie,Norbert Mckee
924,Hayden Mcguire,Leroy Kelly,Randell Mccullough
925,Laronda Lindsey,Daysi Woodard,Cleo Salinas
926,Noble Witt,Chanell Stone,Fairy Foreman
927,Alton Smith,Alexander Carney,Trenton Beck
928,Krysten Graham,Shawn Gardner,Bennie Hunter
929,Isobel Duran,Jackson Jackson,Johnson Wall
930,Wilton Giles,Tyrone Hunt,Taunya Ferguson
931,Dreama Conner,Tuyet Joyner,Adrian Miranda
932,Shane Gilbert,Jermaine Page,Ping Freeman
933,Russell Mcmahon,Douglass Horton,Fred Malone
934,Lacy Savage,Curtis Dodson,Harold Dejesus
935,Felton Kaufman,Jean Mcguire,Tyrell Sampson
936,Brenton Chase,Chi Wade,Antonio Woods
937,Winston Joseph,Amiee Finch,Julio O'brien
938,Jacqualine Frazier,Keiko Robertson,Elliott Joseph
939,Nam Boone,Blair Reilly,Jasper Sutton
940,Travis Preston,Leandro Walker,Stefan Wiggins
941,Brendan Shelton,Ivelisse Reeves,Isis Klein
942,Mickey Tanner,Ardath Cobb,Laverna Mcfarland
943,Kandis Alston,Will Richard,Ezekiel Cole
944,Alona Galloway,Numbers Mcguire,Allen Wilkinson
945,Adolph Whitney,Charis Delaney,Gerard Valentine
946,Jeanice Leonard,Nestor Jordan,Jewel Terry
947,Zane Wilkins,Emely Whitfield,Cherilyn Herrera
948,Annabell Blankenship,Joesph Salazar,Sean Hunt
949,Leon Barnes,Jordan Gonzalez,Jazmine Jennings
950,Launa Wells,Brendon Richards,Lonna Fisher
951,Granville Barber,Earnest Bauer,Vern Walter
952,Lou Browning,Arla Ewing,Silvana Ferguson
953,Reena Blake,Roman Black,Shandi Briggs
954,Jonathan Andrews,Georgiann Pugh,Cole Grimes
955,Tyler O'neill,Dannielle Grimes,Lyman Maxwell
956,Ellis Powers,Jennefer Whitaker,Tanner Rivas
957,Hans Wilkins,Alessandra Lawrence,Elease Burke
958,Marvella Giles,Lisandra Smith,Lindsey Fields
959,Virgilio Mcneil,Romaine Cervantes,Byron Delgado
960,Gayle Moon,Tona Moran,Wilbert Nieves
961,Devin Charles,Kory Hunt,Cris Bryan
962,Shella Marsh,Lauren Clements,Thurman Sparks
963,Hedy Cross,Lamonica Clay,Gwenn Wall
964,Weldon Martinez,Krishna Snyder,Olinda Holland
965,Giuseppe Mendez,Josefine Campos,Lesley Walker
966,Ali Mcdaniel,Janiece Pugh,Nubia Atkinson
967,Junie Garza,Mikaela Valenzuela,Troy Moon
968,Tyree Mejia,Charlesetta Hodges,Elizabet Alexander
969,Hayden Castillo,Reita Mckinney,Georgetta Cervantes
970,Marvin Herman,Wendie Hardin,Gerald Knapp
971,Johnsie Humphrey,Alease Hodge,Nathanael Irwin
972,Azzie Bell,Shela Patterson,Chadwick Schultz
973,Shaun Reeves,Leonila Lindsay,Doyle Malone
974,Chau Roman,Chance Hobbs,Cleopatra Atkinson
975,Dillon Stafford,Hayden Mcgee,Sharyl Hardy
976,Romana Rosa,Martin Patterson,Nelia Trujillo
977,Melvin Yates,Michale Calderon,Loreta Serrano
978,Harlan Holden,Son Prince,My Santos
979,Izola Phillips,Jordon Nixon,Hyman Pena
980,Dot Church,Erik Foreman,Milo Larson
981,Oscar Morrow,Ben Hickman,Dusti Foreman
982,Tashia Ayers,Digna Velazquez,Leonila Newton
983,Zandra Freeman,Demetrius Bradley,Julian Ferrell
984,Aleen Baird,Aaron Waters,Bulah Black
985,Blaine Mcmillan,Franklin Chaney,Brain Barr
986,Dionna Graves,Dwain Frazier,Britt Holt
987,Billy Wells,Margene Fuentes,Leland Lowe
988,Scott Abbott,Jennell Slater,Hwa Lee
989,Marvis Robles,Allen Figueroa,Versie Rosario
990,Ambrose Levy,Marivel Mccormick,Marcos Gutierrez
991,Jerome O'neil,Mariette Bernard,Herman Logan
992,Ja Lancaster,Hugh Patel,Frederick Simmons
993,Jenell Rogers,Lucilla Graham,Shaun Mooney
994,Mckinley Rutledge,Sindy Andrews,Marlana Bradshaw
995,Phillip Dominguez,Harold Hubbard,Merle Castro
996,Niesha Velasquez,Parker Rosa,Lucius Stephenson
997,Pia Joyner,Evita Peterson,Irving Richards
998,Vannessa Hyde,Shawn Ward,Ervin Sparks
999,Felisa Steele,Annis Hernandez,Patria Mccullough
1000,Natacha Stevens,Markus Chavez,Zofia Mcdaniel
